id,modid,nutrition,saturation,source,has_recipe
aether:blue_berry,aether,2,1.20,food,true
aether:blue_gummy_swet,aether,20,36.00,food,false
aether:candy_cane,aether,2,0.80,food,false
aether:enchanted_berry,aether,6,9.60,food,true
aether:gingerbread_man,aether,2,0.80,food,false
aether:golden_gummy_swet,aether,20,36.00,food,false
aether:healing_stone,aether,0,0.00,food,true
aether:white_apple,aether,0,0.00,food,false
aquaculture:algae,aquaculture,1,0.00,food,false
aquaculture:arapaima,aquaculture,3,1.20,food,false
aquaculture:atlantic_cod,aquaculture,3,1.20,food,false
aquaculture:atlantic_halibut,aquaculture,3,1.20,food,false
aquaculture:atlantic_herring,aquaculture,1,0.20,food,false
aquaculture:bayad,aquaculture,2,0.40,food,false
aquaculture:blackfish,aquaculture,2,0.40,food,false
aquaculture:bluegill,aquaculture,1,0.20,food,false
aquaculture:boulti,aquaculture,1,0.20,food,false
aquaculture:brown_shrooma,aquaculture,1,0.20,food,false
aquaculture:brown_trout,aquaculture,2,0.40,food,false
aquaculture:capitaine,aquaculture,3,1.20,food,false
aquaculture:carp,aquaculture,2,0.40,food,false
aquaculture:catfish,aquaculture,3,1.20,food,false
aquaculture:fish_fillet_cooked,aquaculture,3,3.60,food,true
aquaculture:fish_fillet_raw,aquaculture,1,0.40,food,true
aquaculture:gar,aquaculture,2,0.40,food,false
aquaculture:muskellunge,aquaculture,2,0.40,food,false
aquaculture:pacific_halibut,aquaculture,3,1.20,food,false
aquaculture:perch,aquaculture,1,0.20,food,false
aquaculture:pink_salmon,aquaculture,2,0.40,food,false
aquaculture:piranha,aquaculture,1,0.20,food,false
aquaculture:pollock,aquaculture,2,0.40,food,false
aquaculture:rainbow_trout,aquaculture,2,0.40,food,false
aquaculture:red_grouper,aquaculture,2,0.40,food,false
aquaculture:red_shrooma,aquaculture,1,0.20,food,false
aquaculture:smallmouth_bass,aquaculture,2,0.40,food,false
aquaculture:sushi,aquaculture,4,6.40,food,true
aquaculture:synodontis,aquaculture,1,0.20,food,false
aquaculture:tambaqui,aquaculture,2,0.40,food,false
aquaculture:tuna,aquaculture,3,1.20,food,false
aquaculture:turtle_soup,aquaculture,6,7.20,food,true
aquaculturedelight:baked_pollock_with_carrots,aquaculturedelight,11,11.00,food,true
aquaculturedelight:bass_stew,aquaculturedelight,9,14.40,food,true
aquaculturedelight:buckling,aquaculturedelight,8,11.20,food,true
aquaculturedelight:catfish_barbecue,aquaculturedelight,6,8.40,food,true
aquaculturedelight:cooked_small_turtle_meat,aquaculturedelight,3,3.00,food,true
aquaculturedelight:crispy_fried_perch,aquaculturedelight,3,4.80,food,true
aquaculturedelight:crispy_nori_kelp,aquaculturedelight,4,2.40,food,true
aquaculturedelight:fish_and_chips,aquaculturedelight,12,24.00,food,true
aquaculturedelight:fish_chorba,aquaculturedelight,13,23.40,food,true
aquaculturedelight:fried_perch_roll,aquaculturedelight,7,8.40,food,true
aquaculturedelight:halaszle,aquaculturedelight,11,19.80,food,true
aquaculturedelight:halibut_with_tartar_sauce,aquaculturedelight,14,14.00,food,true
aquaculturedelight:jellyfish_jelly,aquaculturedelight,6,7.20,food,true
aquaculturedelight:large_fish_with_vegetables,aquaculturedelight,13,15.60,food,true
aquaculturedelight:poor_fisher_chowder,aquaculturedelight,5,7.00,food,true
aquaculturedelight:raw_fish_fillet_roll,aquaculturedelight,7,8.40,food,true
aquaculturedelight:rollmops,aquaculturedelight,11,11.00,food,true
aquaculturedelight:small_turtle_meat,aquaculturedelight,1,1.00,food,true
aquaculturedelight:tuna_spaghetti,aquaculturedelight,13,20.80,food,true
aquaculturedelight:turtle_meat_dish,aquaculturedelight,13,18.20,food,true
aquaculturedelight:unusual_fish_soup,aquaculturedelight,11,17.60,food,true
ars_nouveau:bastion_pod,ars_nouveau,4,4.80,food,true
ars_nouveau:bombegranate_pod,ars_nouveau,4,4.80,food,true
ars_nouveau:frostaya_pod,ars_nouveau,4,4.80,food,true
ars_nouveau:mendosteen_pod,ars_nouveau,4,4.80,food,true
ars_nouveau:source_berry_pie,ars_nouveau,9,16.20,food,true
ars_nouveau:source_berry_roll,ars_nouveau,8,9.60,food,true
ars_nouveau:sourceberry_bush,ars_nouveau,2,0.40,food,true
arsdelight:activated_bastion_jam,arsdelight,0,0.00,food,true
arsdelight:activated_mendosteen_jam,arsdelight,0,0.00,food,true
arsdelight:arch_sauce,arsdelight,4,3.20,food,true
arsdelight:arch_soup,arsdelight,4,3.20,food,true
arsdelight:bastion_hornbeer,arsdelight,0,0.00,food,true
arsdelight:bastion_jelly,arsdelight,4,4.80,food,true
arsdelight:bastion_pie_slice,arsdelight,3,1.80,food,true
arsdelight:bastion_pork,arsdelight,14,22.40,food,true
arsdelight:bastion_tea,arsdelight,0,0.00,food,true
arsdelight:bombegrante_hornbeer,arsdelight,0,0.00,food,true
arsdelight:bombegrante_jelly,arsdelight,4,4.80,food,true
arsdelight:bombegrante_pie_slice,arsdelight,3,1.80,food,true
arsdelight:bombegrante_steak,arsdelight,16,25.60,food,true
arsdelight:bombegrante_tea,arsdelight,0,0.00,food,true
arsdelight:bowl_of_honey_glazed_chimera,arsdelight,18,28.80,food,false
arsdelight:bowl_of_wilden_salad,arsdelight,12,19.20,food,false
arsdelight:chimera_meat,arsdelight,12,9.60,food,false
arsdelight:chimera_meat_slice,arsdelight,6,4.80,food,true
arsdelight:chimera_skewer,arsdelight,7,5.60,food,true
arsdelight:frostaya_hornbeer,arsdelight,0,0.00,food,true
arsdelight:frostaya_jelly,arsdelight,4,4.80,food,true
arsdelight:frostaya_mutton,arsdelight,16,25.60,food,true
arsdelight:frostaya_pie_slice,arsdelight,3,1.80,food,true
arsdelight:frostaya_tea,arsdelight,0,0.00,food,true
arsdelight:grilled_chimera_meat,arsdelight,18,25.20,food,true
arsdelight:grilled_chimera_meat_slice,arsdelight,9,12.60,food,true
arsdelight:grilled_chimera_skewer,arsdelight,12,16.80,food,true
arsdelight:grilled_wilden_meat,arsdelight,10,14.00,food,true
arsdelight:grilled_wilden_meat_slice,arsdelight,5,7.00,food,true
arsdelight:grilled_wilden_skewer,arsdelight,8,11.20,food,true
arsdelight:horn_roll,arsdelight,12,19.20,food,false
arsdelight:mendosteen_chicken,arsdelight,10,16.00,food,true
arsdelight:mendosteen_hornbeer,arsdelight,0,0.00,food,true
arsdelight:mendosteen_jelly,arsdelight,4,4.80,food,true
arsdelight:mendosteen_pie_slice,arsdelight,3,1.80,food,true
arsdelight:mendosteen_tea,arsdelight,0,0.00,food,true
arsdelight:neutralized_bombegrante_jam,arsdelight,0,0.00,food,true
arsdelight:neutralized_frostaya_jam,arsdelight,0,0.00,food,true
arsdelight:source_berry_cookie,arsdelight,2,3.20,food,true
arsdelight:source_berry_cupcake,arsdelight,6,9.60,food,true
arsdelight:source_berry_hornbeer,arsdelight,0,0.00,food,true
arsdelight:source_berry_jam,arsdelight,0,0.00,food,true
arsdelight:source_berry_jelly,arsdelight,4,4.80,food,true
arsdelight:source_berry_pie_slice,arsdelight,3,4.80,food,true
arsdelight:source_berry_tea,arsdelight,0,0.00,food,true
arsdelight:unstable_cocktail,arsdelight,0,0.00,food,true
arsdelight:wilden_meat,arsdelight,6,4.80,food,false
arsdelight:wilden_meat_slice,arsdelight,3,2.40,food,true
arsdelight:wilden_sauce,arsdelight,6,9.60,food,true
arsdelight:wilden_skewer,arsdelight,4,3.20,food,true
arsdelight:wilden_stew,arsdelight,12,19.20,food,true
artifacts:eternal_steak,artifacts,8,12.80,food,true
artifacts:onion_ring,artifacts,2,0.00,food,false
barbequesdelight:bibimbap,barbequesdelight,16,22.40,food,true
barbequesdelight:burnt_skewer,barbequesdelight,4,1.60,food,false
barbequesdelight:grilled_beef_skewer,barbequesdelight,8,11.20,food,true
barbequesdelight:grilled_chicken_skewer,barbequesdelight,7,9.80,food,true
barbequesdelight:grilled_cod_skewer,barbequesdelight,7,14.00,food,true
barbequesdelight:grilled_lamb_skewer,barbequesdelight,12,19.20,food,true
barbequesdelight:grilled_mushroom_skewer,barbequesdelight,6,4.80,food,true
barbequesdelight:grilled_pork_sausage_skewer,barbequesdelight,8,11.20,food,true
barbequesdelight:grilled_potato_skewer,barbequesdelight,6,7.20,food,true
barbequesdelight:grilled_rabbit_skewer,barbequesdelight,10,16.00,food,true
barbequesdelight:grilled_salmon_skewer,barbequesdelight,7,14.00,food,true
barbequesdelight:grilled_vegetable_skewer,barbequesdelight,5,5.00,food,true
barbequesdelight:kebab_sandwich,barbequesdelight,14,19.60,food,true
barbequesdelight:kebab_wrap,barbequesdelight,8,11.20,food,true
burgermod:beef_burger,burgermod,10,20.00,food,true
burgermod:beef_champignon_burger,burgermod,10,20.00,food,true
burgermod:beef_cheese_burger,burgermod,10,20.00,food,true
burgermod:cheese,burgermod,2,2.40,food,true
burgermod:chicken_burger,burgermod,8,12.80,food,true
burgermod:chicken_champignon_burger,burgermod,8,12.80,food,true
burgermod:chicken_cheese_burger,burgermod,8,12.80,food,true
burgermod:cod_burger,burgermod,7,11.20,food,true
burgermod:cod_champignon_burger,burgermod,7,11.20,food,true
burgermod:cod_cheese_burger,burgermod,7,11.20,food,true
burgermod:cooked_champignons,burgermod,2,2.40,food,true
burgermod:cooked_chicken_nugget,burgermod,1,1.20,food,true
burgermod:enchanted_golden_burger,burgermod,8,25.60,food,false
burgermod:fried_scrambled_egg,burgermod,2,2.40,food,true
burgermod:fries,burgermod,8,14.40,food,true
burgermod:golden_beef_burger,burgermod,10,28.00,food,true
burgermod:golden_chicken_burger,burgermod,8,19.20,food,true
burgermod:golden_cod_burger,burgermod,7,16.80,food,true
burgermod:golden_mutton_burger,burgermod,8,22.40,food,true
burgermod:golden_pork_burger,burgermod,10,28.00,food,true
burgermod:golden_salmon_burger,burgermod,8,22.40,food,true
burgermod:hotdog,burgermod,6,8.40,food,true
burgermod:mutton_burger,burgermod,8,16.00,food,true
burgermod:mutton_champignon_burger,burgermod,8,16.00,food,true
burgermod:mutton_cheese_burger,burgermod,8,16.00,food,true
burgermod:pork_burger,burgermod,10,20.00,food,true
burgermod:pork_champignon_burger,burgermod,10,20.00,food,true
burgermod:pork_cheese_burger,burgermod,10,20.00,food,true
burgermod:raw_champignons,burgermod,1,0.20,food,true
burgermod:salmon_burger,burgermod,8,16.00,food,true
burgermod:salmon_champignon_burger,burgermod,8,16.00,food,true
burgermod:salmon_cheese_burger,burgermod,8,16.00,food,true
burgermod:scrambled_egg,burgermod,1,0.20,food,true
burgermod:sweet_berry_tart,burgermod,7,7.00,food,true
cookscollection:chocolate_muffin,cookscollection,5,6.00,food,true
cookscollection:cooking_oil,cookscollection,0,0.00,food,true
cookscollection:fish_and_chips,cookscollection,16,38.40,food,true
cookscollection:fried_potato,cookscollection,1,0.60,food,true
cookscollection:lemon,cookscollection,1,0.60,food,true
cookscollection:lemon_muffin,cookscollection,5,6.00,food,true
cookscollection:lemonade,cookscollection,0,0.00,food,true
cookscollection:rustic_loaf_slice,cookscollection,2,1.20,food,true
corn_delight:boiled_corn,corn_delight,6,0.20,food,true
corn_delight:caramel_popcorn,corn_delight,5,0.60,food,true
corn_delight:classic_corn_dog,corn_delight,10,0.90,food,true
corn_delight:corn,corn_delight,2,0.20,food,true
corn_delight:corn_dog,corn_delight,8,0.90,food,true
corn_delight:corn_popsicle,corn_delight,4,0.20,food,true
corn_delight:corn_soup,corn_delight,10,0.90,food,true
corn_delight:cornbread,corn_delight,4,0.50,food,true
corn_delight:cornbread_batter,corn_delight,1,0.20,food,true
corn_delight:cornbread_stuffing,corn_delight,12,1.00,food,true
corn_delight:creamed_corn,corn_delight,7,0.50,food,true
corn_delight:creamy_corn_drink,corn_delight,2,0.60,food,true
corn_delight:grilled_corn,corn_delight,6,0.20,food,true
corn_delight:nachos_bowl,corn_delight,12,1.00,food,false
corn_delight:popcorn,corn_delight,3,0.50,food,true
corn_delight:taco,corn_delight,12,0.80,food,true
corn_delight:tortilla,corn_delight,3,0.40,food,true
corn_delight:tortilla_chip,corn_delight,1,0.10,food,true
corn_delight:tortilla_raw,corn_delight,1,0.20,food,true
crabbersdelight:bisque,crabbersdelight,8,12.00,food,true
crabbersdelight:clam_bake,crabbersdelight,13,23.40,food,true
crabbersdelight:clam_chowder,crabbersdelight,7,8.40,food,true
crabbersdelight:clawster,crabbersdelight,3,3.00,food,true
crabbersdelight:coconut_halve,crabbersdelight,2,1.60,food,true
crabbersdelight:coconut_milk,crabbersdelight,1,1.00,food,true
crabbersdelight:coconut_pudding,crabbersdelight,6,6.00,food,true
crabbersdelight:cooked_clam_meat,crabbersdelight,4,6.40,food,true
crabbersdelight:cooked_clawster,crabbersdelight,7,11.20,food,true
crabbersdelight:cooked_crab,crabbersdelight,4,6.40,food,true
crabbersdelight:cooked_frog_leg,crabbersdelight,4,5.60,food,true
crabbersdelight:cooked_glow_squid_tentacles,crabbersdelight,7,11.20,food,true
crabbersdelight:cooked_pufferfish_slice,crabbersdelight,3,3.00,food,true
crabbersdelight:cooked_shrimp,crabbersdelight,3,3.60,food,true
crabbersdelight:cooked_squid_tentacles,crabbersdelight,7,11.20,food,true
crabbersdelight:cooked_tropical_fish,crabbersdelight,3,4.80,food,true
crabbersdelight:cooked_tropical_fish_slice,crabbersdelight,3,3.00,food,true
crabbersdelight:coral_crunch,crabbersdelight,4,1.60,food,true
crabbersdelight:crab,crabbersdelight,2,1.20,food,true
crabbersdelight:crab_cakes,crabbersdelight,10,12.00,food,true
crabbersdelight:crab_legs,crabbersdelight,3,3.60,food,true
crabbersdelight:fish_sandwich,crabbersdelight,10,16.00,food,true
crabbersdelight:fish_stick,crabbersdelight,5,6.00,food,true
crabbersdelight:fried_fish,crabbersdelight,5,6.00,food,true
crabbersdelight:frog_leg_kebab,crabbersdelight,9,14.40,food,true
crabbersdelight:jar_of_pickles,crabbersdelight,4,3.20,food,true
crabbersdelight:kelp_shake,crabbersdelight,0,0.00,food,true
crabbersdelight:pufferfish_slice,crabbersdelight,1,0.20,food,true
crabbersdelight:raw_clam_meat,crabbersdelight,2,1.20,food,true
crabbersdelight:raw_frog_leg,crabbersdelight,2,1.20,food,true
crabbersdelight:raw_glow_squid_tentacles,crabbersdelight,3,3.00,food,true
crabbersdelight:raw_squid_tentacles,crabbersdelight,3,3.00,food,true
crabbersdelight:sea_pickle_juice,crabbersdelight,2,0.80,food,true
crabbersdelight:seafood_gumbo,crabbersdelight,12,21.60,food,true
crabbersdelight:shrimp,crabbersdelight,1,0.60,food,true
crabbersdelight:shrimp_fried_rice,crabbersdelight,7,9.80,food,true
crabbersdelight:shrimp_skewer,crabbersdelight,8,12.80,food,true
crabbersdelight:squid_kebab,crabbersdelight,8,12.80,food,true
crabbersdelight:stuffed_nautilus_shell,crabbersdelight,8,11.20,food,true
crabbersdelight:surf_and_turf,crabbersdelight,14,22.40,food,true
crabbersdelight:tropical_fish_slice,crabbersdelight,1,0.20,food,true
crabbersdelight:turtle_stew,crabbersdelight,7,8.40,food,true
create:bar_of_chocolate,create,6,3.60,food,true
create:builders_tea,create,1,1.20,food,true
create:chocolate_glazed_berries,create,7,11.20,food,true
create:honeyed_apple,create,8,12.80,food,true
create:sweet_roll,create,6,9.60,food,true
create_confectionery:bar_of_black_chocolate,create_confectionery,6,3.60,food,true
create_confectionery:bar_of_caramel,create_confectionery,6,3.60,food,true
create_confectionery:bar_of_ruby_chocolate,create_confectionery,6,3.60,food,true
create_confectionery:bar_of_white_chocolate,create_confectionery,6,3.60,food,true
create_confectionery:black_chocolate_candy,create_confectionery,8,11.20,food,true
create_confectionery:black_chocolate_candy_1,create_confectionery,8,11.20,food,true
create_confectionery:black_chocolate_candy_2,create_confectionery,8,11.20,food,true
create_confectionery:black_chocolate_candy_3,create_confectionery,8,11.20,food,true
create_confectionery:black_chocolate_glazed_berries,create_confectionery,7,11.20,food,true
create_confectionery:black_chocolate_glazed_marshmallow,create_confectionery,5,6.00,food,true
create_confectionery:candy_cane,create_confectionery,2,0.80,food,true
create_confectionery:candy_cane_axe,create_confectionery,2,1.60,food,true
create_confectionery:candy_cane_hoe,create_confectionery,2,1.60,food,true
create_confectionery:candy_cane_pickaxe,create_confectionery,2,1.60,food,true
create_confectionery:candy_cane_shovel,create_confectionery,2,1.60,food,true
create_confectionery:candy_cane_sword,create_confectionery,2,1.60,food,true
create_confectionery:caramel_glazed_berries,create_confectionery,7,11.20,food,true
create_confectionery:caramelized_marshmellow_on_a_stick,create_confectionery,8,9.60,food,true
create_confectionery:chocolate_candy,create_confectionery,8,11.20,food,true
create_confectionery:chocolate_candy_1,create_confectionery,8,11.20,food,true
create_confectionery:chocolate_candy_2,create_confectionery,8,11.20,food,true
create_confectionery:chocolate_candy_3,create_confectionery,8,11.20,food,true
create_confectionery:chocolate_glazed_marshmallow,create_confectionery,5,6.00,food,true
create_confectionery:full_black_chocolate_bar,create_confectionery,2,0.80,food,true
create_confectionery:full_chocolate_bar,create_confectionery,2,0.80,food,true
create_confectionery:full_ruby_chocolate_bar,create_confectionery,2,0.80,food,true
create_confectionery:full_white_chocolate_bar,create_confectionery,2,0.80,food,true
create_confectionery:gingerbread,create_confectionery,4,2.40,food,true
create_confectionery:gingerbread_man,create_confectionery,2,1.20,food,true
create_confectionery:honey_candy,create_confectionery,3,4.80,food,true
create_confectionery:hot_chocolate_bottle,create_confectionery,4,2.40,food,true
create_confectionery:marshmallow,create_confectionery,2,1.60,food,true
create_confectionery:marshmallow_on_a_stick,create_confectionery,7,7.00,food,true
create_confectionery:ruby_chocolate_candy,create_confectionery,8,11.20,food,true
create_confectionery:ruby_chocolate_candy_1,create_confectionery,8,11.20,food,true
create_confectionery:ruby_chocolate_candy_2,create_confectionery,8,11.20,food,true
create_confectionery:ruby_chocolate_candy_3,create_confectionery,8,11.20,food,true
create_confectionery:ruby_chocolate_glazed_berries,create_confectionery,7,11.20,food,true
create_confectionery:ruby_chocolate_glazed_marshmallow,create_confectionery,5,6.00,food,true
create_confectionery:soothing_hot_chocolate,create_confectionery,6,4.80,food,true
create_confectionery:white_chocolate_candy,create_confectionery,8,11.20,food,true
create_confectionery:white_chocolate_candy_1,create_confectionery,8,11.20,food,true
create_confectionery:white_chocolate_candy_2,create_confectionery,8,11.20,food,true
create_confectionery:white_chocolate_candy_3,create_confectionery,8,11.20,food,true
create_confectionery:white_chocolate_glazed_berries,create_confectionery,7,11.20,food,true
create_confectionery:white_chocolate_glazed_marshmallow,create_confectionery,5,6.00,food,true
create_ice_creams:apple_cream,create_ice_creams,2,6.40,food,true
create_ice_creams:beetroot_cream,create_ice_creams,2,6.40,food,true
create_ice_creams:bubblegum_flavored_cream,create_ice_creams,2,6.40,food,true
create_ice_creams:cactus_cream,create_ice_creams,2,6.40,food,true
create_ice_creams:chocolate_cream,create_ice_creams,2,6.40,food,true
create_ice_creams:cone,create_ice_creams,4,5.60,food,true
create_ice_creams:coned_apple_carrot_ice_cream,create_ice_creams,7,63.00,food,true
create_ice_creams:coned_apple_chorus_fruit_ice_cream,create_ice_creams,8,80.00,food,true
create_ice_creams:coned_apple_fusion_ice_cream,create_ice_creams,19,532.00,food,true
create_ice_creams:coned_apple_glow_berries_ice_cream,create_ice_creams,6,48.00,food,true
create_ice_creams:coned_apple_ice_cream,create_ice_creams,4,25.60,food,true
create_ice_creams:coned_apple_sweet_berries_ice_cream,create_ice_creams,6,48.00,food,true
create_ice_creams:coned_beetroot_carrot_ice_cream,create_ice_creams,7,63.00,food,true
create_ice_creams:coned_beetroot_chorus_fruit_ice_cream,create_ice_creams,8,80.00,food,true
create_ice_creams:coned_beetroot_fusion_ice_cream,create_ice_creams,19,532.00,food,true
create_ice_creams:coned_beetroot_glow_berries_ice_cream,create_ice_creams,6,48.00,food,true
create_ice_creams:coned_beetroot_ice_cream,create_ice_creams,4,25.60,food,true
create_ice_creams:coned_beetroot_sweet_berries_ice_cream,create_ice_creams,6,48.00,food,true
create_ice_creams:coned_bubblegum_flavored_carrot_ice_cream,create_ice_creams,7,63.00,food,true
create_ice_creams:coned_bubblegum_flavored_chorus_fruit_ice_cream,create_ice_creams,8,80.00,food,true
create_ice_creams:coned_bubblegum_flavored_fusion_ice_cream,create_ice_creams,19,532.00,food,true
create_ice_creams:coned_bubblegum_flavored_glow_berries_ice_cream,create_ice_creams,6,48.00,food,true
create_ice_creams:coned_bubblegum_flavored_ice_cream,create_ice_creams,4,25.60,food,true
create_ice_creams:coned_bubblegum_flavored_sweet_berries_ice_cream,create_ice_creams,6,48.00,food,true
create_ice_creams:coned_cactus_carrot_ice_cream,create_ice_creams,7,63.00,food,true
create_ice_creams:coned_cactus_chorus_fruit_ice_cream,create_ice_creams,8,80.00,food,true
create_ice_creams:coned_cactus_fusion_ice_cream,create_ice_creams,19,532.00,food,true
create_ice_creams:coned_cactus_glow_berries_ice_cream,create_ice_creams,6,48.00,food,true
create_ice_creams:coned_cactus_ice_cream,create_ice_creams,4,25.60,food,true
create_ice_creams:coned_cactus_sweet_berries_ice_cream,create_ice_creams,6,48.00,food,true
create_ice_creams:coned_chocolate_carrot_ice_cream,create_ice_creams,7,63.00,food,true
create_ice_creams:coned_chocolate_chorus_fruit_ice_cream,create_ice_creams,8,80.00,food,true
create_ice_creams:coned_chocolate_fusion_ice_cream,create_ice_creams,19,532.00,food,true
create_ice_creams:coned_chocolate_glow_berries_ice_cream,create_ice_creams,6,48.00,food,true
create_ice_creams:coned_chocolate_ice_cream,create_ice_creams,4,25.60,food,true
create_ice_creams:coned_chocolate_sweet_berries_ice_cream,create_ice_creams,6,48.00,food,true
create_ice_creams:coned_cookie_carrot_ice_cream,create_ice_creams,7,63.00,food,true
create_ice_creams:coned_cookie_chorus_fruit_ice_cream,create_ice_creams,8,80.00,food,true
create_ice_creams:coned_cookie_fusion_ice_cream,create_ice_creams,19,532.00,food,true
create_ice_creams:coned_cookie_glow_berries_ice_cream,create_ice_creams,6,48.00,food,true
create_ice_creams:coned_cookie_ice_cream,create_ice_creams,4,25.60,food,true
create_ice_creams:coned_cookie_sweet_berries_ice_cream,create_ice_creams,6,48.00,food,true
create_ice_creams:coned_honey_carrot_ice_cream,create_ice_creams,7,63.00,food,true
create_ice_creams:coned_honey_chorus_fruit_ice_cream,create_ice_creams,8,80.00,food,true
create_ice_creams:coned_honey_fusion_ice_cream,create_ice_creams,19,532.00,food,true
create_ice_creams:coned_honey_glow_berries_ice_cream,create_ice_creams,6,48.00,food,true
create_ice_creams:coned_honey_ice_cream,create_ice_creams,4,25.60,food,true
create_ice_creams:coned_honey_sweet_berries_ice_cream,create_ice_creams,6,48.00,food,true
create_ice_creams:coned_mint_carrot_ice_cream,create_ice_creams,7,63.00,food,true
create_ice_creams:coned_mint_chorus_fruit_ice_cream,create_ice_creams,8,80.00,food,true
create_ice_creams:coned_mint_fusion_ice_cream,create_ice_creams,19,532.00,food,true
create_ice_creams:coned_mint_glow_berries_ice_cream,create_ice_creams,6,48.00,food,true
create_ice_creams:coned_mint_ice_cream,create_ice_creams,4,25.60,food,true
create_ice_creams:coned_mint_sweet_berries_ice_cream,create_ice_creams,6,48.00,food,true
create_ice_creams:coned_mystery_ice_craem,create_ice_creams,6,38.40,food,true
create_ice_creams:coned_mystery_ice_cram,create_ice_creams,6,38.40,food,true
create_ice_creams:coned_mystery_ice_cream,create_ice_creams,6,38.40,food,true
create_ice_creams:coned_mystery_ice_crem,create_ice_creams,6,38.40,food,true
create_ice_creams:coned_potato_carrot_ice_cream,create_ice_creams,7,63.00,food,true
create_ice_creams:coned_potato_chorus_fruit_ice_cream,create_ice_creams,8,80.00,food,true
create_ice_creams:coned_potato_fusion_ice_cream,create_ice_creams,19,532.00,food,true
create_ice_creams:coned_potato_glow_berries_ice_cream,create_ice_creams,6,48.00,food,true
create_ice_creams:coned_potato_ice_cream,create_ice_creams,4,25.60,food,true
create_ice_creams:coned_potato_sweet_berries_ice_cream,create_ice_creams,6,48.00,food,true
create_ice_creams:coned_toffee_carrot_ice_cream,create_ice_creams,7,63.00,food,true
create_ice_creams:coned_toffee_chorus_fruit_ice_cream,create_ice_creams,8,80.00,food,true
create_ice_creams:coned_toffee_fusion_ice_cream,create_ice_creams,19,532.00,food,true
create_ice_creams:coned_toffee_glow_berries_ice_cream,create_ice_creams,6,48.00,food,true
create_ice_creams:coned_toffee_ice_cream,create_ice_creams,4,25.60,food,true
create_ice_creams:coned_toffee_sweet_berries_ice_cream,create_ice_creams,6,48.00,food,true
create_ice_creams:coned_vanilla_carrot_ice_cream,create_ice_creams,7,63.00,food,true
create_ice_creams:coned_vanilla_chorus_fruit_ice_cream,create_ice_creams,8,80.00,food,true
create_ice_creams:coned_vanilla_fusion_ice_cream,create_ice_creams,19,532.00,food,true
create_ice_creams:coned_vanilla_glow_berries_ice_cream,create_ice_creams,6,48.00,food,true
create_ice_creams:coned_vanilla_ice_cream,create_ice_creams,4,25.60,food,true
create_ice_creams:coned_vanilla_sweet_berries_ice_cream,create_ice_creams,6,48.00,food,true
create_ice_creams:coned_watermelon_carrot_ice_cream,create_ice_creams,7,63.00,food,true
create_ice_creams:coned_watermelon_chorus_fruit_ice_cream,create_ice_creams,8,80.00,food,true
create_ice_creams:coned_watermelon_fusion_ice_cream,create_ice_creams,19,532.00,food,true
create_ice_creams:coned_watermelon_glow_berries_ice_cream,create_ice_creams,6,48.00,food,true
create_ice_creams:coned_watermelon_ice_cream,create_ice_creams,4,25.60,food,true
create_ice_creams:coned_watermelon_sweet_berries_ice_cream,create_ice_creams,6,48.00,food,true
create_ice_creams:cookie_cream,create_ice_creams,2,6.40,food,true
create_ice_creams:honey_cream,create_ice_creams,2,6.40,food,true
create_ice_creams:mint_cream,create_ice_creams,2,6.40,food,true
create_ice_creams:potato_cream,create_ice_creams,2,6.40,food,true
create_ice_creams:toffee_cream,create_ice_creams,2,6.40,food,true
create_ice_creams:vanilla,create_ice_creams,2,6.40,food,true
create_ice_creams:watermelon_cream,create_ice_creams,2,6.40,food,true
create_winery:apple_juice,create_winery,2,0.80,food,true
create_winery:bordeaux,create_winery,5,3.50,food,true
create_winery:cabernet_sauvignon,create_winery,5,3.50,food,true
create_winery:champaign,create_winery,5,3.50,food,true
create_winery:chardonnay,create_winery,5,3.50,food,true
create_winery:cider,create_winery,5,3.50,food,true
create_winery:grape_juice,create_winery,2,0.80,food,true
create_winery:merlot,create_winery,5,3.50,food,true
create_winery:pinot_noir,create_winery,5,3.50,food,true
create_winery:red_grapes,create_winery,3,3.00,food,true
create_winery:riesling,create_winery,5,3.50,food,true
create_winery:rose,create_winery,5,3.50,food,true
create_winery:white_grapes,create_winery,3,3.00,food,true
create_winery:zinfandel,create_winery,5,3.50,food,true
createfood:apple_cheesecake_slice,createfood,3,0.60,food,true
createfood:apple_cream_cake_slice,createfood,2,1.20,food,true
createfood:apple_cream_chocolate,createfood,6,6.00,food,true
createfood:apple_cream_chocolate_cupcake,createfood,4,8.80,food,true
createfood:apple_cream_chocolate_donut,createfood,4,6.40,food,true
createfood:apple_cream_chocolate_pastry,createfood,3,6.00,food,true
createfood:apple_cream_chocolate_sweet_roll,createfood,5,6.00,food,true
createfood:apple_cream_cupcake,createfood,3,6.00,food,true
createfood:apple_cream_dark_chocolate,createfood,5,6.00,food,true
createfood:apple_cream_donut,createfood,3,4.80,food,true
createfood:apple_cream_frosting_bottle,createfood,3,4.20,food,true
createfood:apple_cream_mini_waffle,createfood,3,9.60,food,true
createfood:apple_cream_pastry,createfood,2,4.00,food,true
createfood:apple_cream_sweet_roll,createfood,4,5.60,food,true
createfood:apple_cream_white_chocolate,createfood,7,5.60,food,true
createfood:apple_custard_bottle,createfood,6,10.80,food,true
createfood:apple_ice_cream_bowl,createfood,2,4.40,food,true
createfood:apple_ice_cream_cone,createfood,2,2.40,food,true
createfood:apple_ice_cream_sandwich,createfood,6,7.20,food,true
createfood:apple_ice_cream_stick,createfood,1,1.20,food,true
createfood:apple_jam_bottle,createfood,3,9.60,food,true
createfood:apple_jam_chocolate_donut,createfood,5,9.00,food,true
createfood:apple_jam_donut,createfood,5,9.00,food,true
createfood:apple_jam_sandwich,createfood,7,9.80,food,true
createfood:apple_juice_bottle,createfood,2,6.00,food,true
createfood:apple_milkshake_bottle,createfood,5,9.00,food,true
createfood:apple_popsicle,createfood,3,4.20,food,true
createfood:apple_slice,createfood,2,1.60,food,true
createfood:bacon_bits,createfood,1,0.80,food,true
createfood:bacon_calzone,createfood,6,4.80,food,true
createfood:bacon_pizza_slice,createfood,5,6.00,food,true
createfood:bacon_sandwich,createfood,7,8.40,food,true
createfood:bacon_sandwich_lettuce,createfood,9,9.00,food,true
createfood:baked_potato_butter,createfood,5,8.00,food,true
createfood:baked_potato_butter_bacon,createfood,5,9.00,food,true
createfood:baked_potato_butter_cheese,createfood,5,9.00,food,true
createfood:baked_potato_butter_fish,createfood,5,9.00,food,true
createfood:baked_potato_butter_fried_egg,createfood,5,7.00,food,true
createfood:baked_potato_butter_mushroom,createfood,5,11.00,food,true
createfood:baked_potato_butter_sausage,createfood,5,9.00,food,true
createfood:baked_potato_butter_sour_cream,createfood,5,8.00,food,true
createfood:bar_of_dark_chocolate,createfood,7,2.80,food,true
createfood:bar_of_white_chocolate,createfood,5,4.00,food,true
createfood:beef_bun,createfood,6,7.20,food,true
createfood:beef_bun_bacon,createfood,8,9.60,food,true
createfood:beef_bun_bacon_lettuce,createfood,9,12.60,food,true
createfood:beef_bun_bacon_lettuce_tomato,createfood,9,14.40,food,true
createfood:beef_bun_cheese,createfood,8,11.20,food,true
createfood:beef_bun_cheese_bacon,createfood,9,12.60,food,true
createfood:beef_bun_cheese_bacon_lettuce,createfood,10,16.00,food,true
createfood:beef_bun_cheese_bacon_lettuce_tomato,createfood,10,18.00,food,true
createfood:beef_bun_cheese_lettuce,createfood,9,14.40,food,true
createfood:beef_bun_cheese_lettuce_tomato,createfood,9,16.20,food,true
createfood:beef_bun_cheese_onion,createfood,9,16.20,food,true
createfood:beef_bun_cheese_onion_bacon,createfood,10,18.00,food,true
createfood:beef_bun_cheese_onion_bacon_lettuce,createfood,12,24.00,food,true
createfood:beef_bun_cheese_onion_lettuce,createfood,10,20.00,food,true
createfood:beef_bun_cheese_onion_lettuce_tomato,createfood,10,22.00,food,true
createfood:beef_bun_cheese_tomato,createfood,9,14.40,food,true
createfood:beef_bun_crimson_fungus,createfood,8,8.00,food,true
createfood:beef_bun_lettuce,createfood,7,9.80,food,true
createfood:beef_bun_lettuce_tomato,createfood,7,11.20,food,true
createfood:beef_bun_onion,createfood,6,9.60,food,true
createfood:beef_bun_onion_bacon,createfood,9,14.40,food,true
createfood:beef_bun_onion_bacon_lettuce,createfood,10,18.00,food,true
createfood:beef_bun_onion_lettuce,createfood,8,14.40,food,true
createfood:beef_bun_onion_lettuce_tomato,createfood,8,16.00,food,true
createfood:beef_bun_peanut_butter,createfood,6,10.80,food,false
createfood:beef_bun_peanut_butter_bacon,createfood,8,14.40,food,false
createfood:beef_bun_tomato,createfood,7,9.80,food,true
createfood:beef_bun_warped_fungus,createfood,8,9.60,food,true
createfood:beef_burrito_rice,createfood,14,22.40,food,true
createfood:beef_calzone,createfood,6,10.80,food,true
createfood:beef_meatball,createfood,4,4.80,food,true
createfood:beef_meatball_sandwich,createfood,10,8.00,food,true
createfood:beef_meatball_stick_1,createfood,5,6.00,food,true
createfood:beef_meatball_stick_2,createfood,6,7.20,food,true
createfood:beef_meatball_stick_3,createfood,7,9.80,food,true
createfood:beef_rice_bowl,createfood,9,13.50,food,true
createfood:beef_taco,createfood,11,13.20,food,true
createfood:beef_taco_lettuce,createfood,12,16.80,food,true
createfood:beef_taco_lettuce_taco_sauce,createfood,13,20.80,food,true
createfood:beef_wrap_lettuce_beetroot,createfood,12,16.80,food,true
createfood:berry_cream_cake_slice,createfood,2,1.20,food,true
createfood:berry_cream_cake_slice_chorus_fruit,createfood,2,1.20,food,true
createfood:berry_cream_cake_slice_glow_berry,createfood,2,0.80,food,true
createfood:berry_cream_cake_slice_sweet_berry,createfood,2,0.80,food,true
createfood:berry_cream_chocolate,createfood,7,5.60,food,true
createfood:berry_cream_chocolate_cupcake,createfood,4,8.80,food,true
createfood:berry_cream_chocolate_donut,createfood,4,5.60,food,true
createfood:berry_cream_chocolate_pastry,createfood,3,6.00,food,true
createfood:berry_cream_chocolate_sweet_roll,createfood,6,8.40,food,true
createfood:berry_cream_chocolate_sweet_roll_sweet_berry,createfood,6,8.40,food,true
createfood:berry_cream_cupcake,createfood,3,6.00,food,true
createfood:berry_cream_dark_chocolate,createfood,8,4.80,food,true
createfood:berry_cream_donut,createfood,3,4.20,food,true
createfood:berry_cream_frosting_bottle,createfood,4,3.20,food,true
createfood:berry_cream_mini_waffle,createfood,3,11.40,food,true
createfood:berry_cream_mini_waffle_sweet_berry,createfood,3,11.40,food,true
createfood:berry_cream_pastry,createfood,2,4.00,food,true
createfood:berry_cream_sweet_roll,createfood,5,6.00,food,true
createfood:berry_cream_sweet_roll_sweet_berry,createfood,5,6.00,food,true
createfood:berry_cream_white_chocolate,createfood,6,6.00,food,true
createfood:berry_custard_bottle,createfood,8,14.40,food,true
createfood:berry_ice_cream_bowl,createfood,3,6.00,food,true
createfood:berry_ice_cream_cone,createfood,2,3.60,food,true
createfood:berry_ice_cream_sandwich,createfood,6,7.20,food,true
createfood:berry_ice_cream_stick,createfood,1,1.80,food,true
createfood:berry_jam_bottle,createfood,4,9.60,food,true
createfood:berry_jam_chocolate_donut,createfood,5,9.00,food,true
createfood:berry_jam_donut,createfood,5,9.00,food,true
createfood:berry_jam_sandwich,createfood,9,7.20,food,true
createfood:berry_juice_bottle,createfood,2,6.40,food,true
createfood:berry_milkshake_bottle,createfood,5,10.00,food,true
createfood:berry_muffin,createfood,4,5.60,food,true
createfood:berry_pie_slice,createfood,3,0.60,food,true
createfood:berry_popsicle,createfood,4,4.00,food,true
createfood:biscuit,createfood,9,12.60,food,true
createfood:black_gelatin_dessert_slice,createfood,5,3.00,food,true
createfood:blackstrap_molasses_bottle,createfood,1,6.00,food,true
createfood:blue_gelatin_dessert_slice,createfood,5,3.00,food,true
createfood:boiled_egg_peeled,createfood,6,1.20,food,true
createfood:boiled_egg_peeled_salt,createfood,6,2.40,food,true
createfood:bread_carrot,createfood,7,5.60,food,true
createfood:bread_fried_egg,createfood,6,7.20,food,true
createfood:bread_lettuce,createfood,7,4.20,food,true
createfood:bread_lettuce_carrot,createfood,8,8.00,food,true
createfood:bread_pudding_bowl,createfood,7,12.60,food,true
createfood:bread_slice,createfood,2,0.80,food,true
createfood:bread_slice_apple_jam,createfood,5,6.00,food,true
createfood:bread_slice_bacon,createfood,5,6.00,food,true
createfood:bread_slice_bacon_lettuce,createfood,6,9.60,food,true
createfood:bread_slice_bacon_lettuce_tomato,createfood,9,9.00,food,true
createfood:bread_slice_beetroot,createfood,7,4.20,food,true
createfood:bread_slice_beetroot_lettuce,createfood,7,7.00,food,true
createfood:bread_slice_berry_jam,createfood,7,5.60,food,true
createfood:bread_slice_cheese,createfood,5,3.00,food,true
createfood:bread_slice_chorus_fruit_jam,createfood,8,8.00,food,true
createfood:bread_slice_glow_berry_jam,createfood,7,5.60,food,true
createfood:bread_slice_honey,createfood,7,5.60,food,true
createfood:bread_slice_lettuce,createfood,7,4.20,food,true
createfood:bread_slice_lettuce_tomato,createfood,7,5.60,food,true
createfood:bread_slice_melon_jam,createfood,8,8.00,food,true
createfood:bread_slice_mutton,createfood,5,6.00,food,true
createfood:bread_slice_mutton_beetroot,createfood,5,8.00,food,true
createfood:bread_slice_peanut_butter,createfood,7,5.60,food,false
createfood:bread_slice_scrambled_egg,createfood,7,11.20,food,true
createfood:bread_slice_tomato,createfood,7,4.20,food,true
createfood:breakfast_bar,createfood,2,16.40,food,true
createfood:breakfast_plate,createfood,8,25.60,food,true
createfood:brown_gelatin_dessert_slice,createfood,5,3.00,food,true
createfood:bun,createfood,2,2.00,food,true
createfood:butterscotch,createfood,1,2.00,food,true
createfood:butterscotch_apple,createfood,8,12.80,food,true
createfood:butterscotch_apple_slice,createfood,4,4.00,food,true
createfood:butterscotch_berries,createfood,6,10.80,food,true
createfood:butterscotch_chip_chocolate_cookie,createfood,2,5.20,food,true
createfood:butterscotch_chip_chocolate_milkshake_bottle,createfood,6,18.00,food,true
createfood:butterscotch_chip_cookie,createfood,1,2.40,food,true
createfood:butterscotch_chip_ice_cream_cone,createfood,2,4.80,food,true
createfood:butterscotch_chip_milkshake_bottle,createfood,5,12.00,food,true
createfood:butterscotch_chip_mini_waffle,createfood,3,10.20,food,true
createfood:butterscotch_chip_muffin,createfood,3,4.80,food,true
createfood:butterscotch_chocolate,createfood,7,11.20,food,true
createfood:butterscotch_chocolate_pastry,createfood,3,6.60,food,true
createfood:butterscotch_chocolate_sweet_roll,createfood,7,11.20,food,true
createfood:butterscotch_dark_chocolate,createfood,8,11.20,food,true
createfood:butterscotch_fudge,createfood,3,4.80,food,true
createfood:butterscotch_fudge_ice_cream_bowl,createfood,8,12.80,food,true
createfood:butterscotch_marshmallow_stick,createfood,3,4.20,food,true
createfood:butterscotch_pastry,createfood,2,4.40,food,true
createfood:butterscotch_pretzel_stick,createfood,3,5.40,food,true
createfood:butterscotch_sweet_roll,createfood,6,8.40,food,true
createfood:butterscotch_toast,createfood,3,5.40,food,true
createfood:butterscotch_white_chocolate,createfood,6,10.80,food,true
createfood:cane_syrup_bottle,createfood,1,2.00,food,true
createfood:caramel,createfood,1,1.60,food,true
createfood:caramel_apple,createfood,6,12.00,food,true
createfood:caramel_apple_slice,createfood,3,3.60,food,true
createfood:caramel_berries,createfood,6,10.80,food,true
createfood:caramel_chip_chocolate_cookie,createfood,2,4.40,food,true
createfood:caramel_chip_chocolate_milkshake_bottle,createfood,6,18.00,food,true
createfood:caramel_chip_cookie,createfood,2,3.20,food,true
createfood:caramel_chip_ice_cream_cone,createfood,2,4.80,food,true
createfood:caramel_chip_milkshake_bottle,createfood,5,12.00,food,true
createfood:caramel_chip_mini_waffle,createfood,3,10.20,food,true
createfood:caramel_chip_muffin,createfood,3,5.40,food,true
createfood:caramel_chocolate,createfood,7,9.80,food,true
createfood:caramel_chocolate_pastry,createfood,3,6.00,food,true
createfood:caramel_chocolate_sweet_roll,createfood,7,9.80,food,true
createfood:caramel_dark_chocolate,createfood,8,9.60,food,true
createfood:caramel_fudge,createfood,5,4.00,food,true
createfood:caramel_fudge_ice_cream_bowl,createfood,8,12.80,food,true
createfood:caramel_marshmallow_stick,createfood,3,4.80,food,true
createfood:caramel_pastry,createfood,2,4.00,food,true
createfood:caramel_popcorn,createfood,3,4.80,food,false
createfood:caramel_pretzel_stick,createfood,3,4.80,food,true
createfood:caramel_sweet_roll,createfood,6,7.20,food,true
createfood:caramel_toast,createfood,3,4.80,food,true
createfood:caramel_white_chocolate,createfood,6,9.60,food,true
createfood:cheese_biscuit,createfood,7,7.00,food,true
createfood:cheese_biscuit_sandwich,createfood,12,12.00,food,true
createfood:cheese_calzone,createfood,5,4.00,food,true
createfood:cheese_pizza_slice,createfood,5,4.00,food,true
createfood:cheese_potato_dumplings,createfood,7,9.80,food,true
createfood:cheese_pretzel_stick,createfood,4,4.00,food,true
createfood:cheese_sandwich,createfood,8,6.40,food,true
createfood:cheese_slice,createfood,2,0.40,food,true
createfood:cheeseburger,createfood,10,14.00,food,true
createfood:cheeseburger_bacon,createfood,12,16.80,food,true
createfood:cheeseburger_bacon_lettuce,createfood,12,19.20,food,true
createfood:cheeseburger_bacon_lettuce_tomato,createfood,13,23.40,food,true
createfood:cheeseburger_lettuce,createfood,11,17.60,food,true
createfood:cheeseburger_lettuce_tomato,createfood,11,19.80,food,true
createfood:cheeseburger_onion,createfood,11,17.60,food,true
createfood:cheeseburger_onion_bacon,createfood,13,20.80,food,true
createfood:cheeseburger_onion_bacon_lettuce,createfood,13,23.40,food,true
createfood:cheeseburger_onion_lettuce,createfood,11,19.80,food,true
createfood:cheeseburger_onion_lettuce_tomato,createfood,12,24.00,food,true
createfood:cheeseburger_tomato,createfood,11,17.60,food,true
createfood:cheesecake_slice,createfood,2,1.20,food,true
createfood:chicken_bun,createfood,9,10.80,food,true
createfood:chicken_bun_bacon,createfood,11,13.20,food,true
createfood:chicken_bun_bacon_lettuce,createfood,12,16.80,food,true
createfood:chicken_bun_cheese,createfood,11,15.40,food,true
createfood:chicken_bun_cheese_bacon,createfood,12,16.80,food,true
createfood:chicken_bun_cheese_bacon_lettuce,createfood,13,20.80,food,true
createfood:chicken_bun_cheese_lettuce,createfood,11,17.60,food,true
createfood:chicken_bun_cheese_lettuce_tomato,createfood,11,19.80,food,true
createfood:chicken_bun_cheese_tomato,createfood,11,17.60,food,true
createfood:chicken_bun_lettuce,createfood,10,14.00,food,true
createfood:chicken_bun_lettuce_tomato,createfood,10,16.00,food,true
createfood:chicken_bun_tomato,createfood,10,14.00,food,true
createfood:chicken_burger,createfood,9,12.60,food,true
createfood:chicken_burger_bacon,createfood,13,13.00,food,true
createfood:chicken_burger_bacon_lettuce,createfood,14,19.60,food,true
createfood:chicken_burger_lettuce,createfood,12,14.40,food,true
createfood:chicken_burger_lettuce_tomato,createfood,12,16.80,food,true
createfood:chicken_burger_tomato,createfood,12,14.40,food,true
createfood:chicken_burrito_rice,createfood,11,15.40,food,true
createfood:chicken_calzone,createfood,6,9.60,food,true
createfood:chicken_cheeseburger,createfood,9,14.40,food,true
createfood:chicken_cheeseburger_bacon,createfood,13,15.60,food,true
createfood:chicken_cheeseburger_bacon_lettuce,createfood,15,24.00,food,true
createfood:chicken_cheeseburger_lettuce,createfood,12,16.80,food,true
createfood:chicken_cheeseburger_lettuce_tomato,createfood,12,19.20,food,true
createfood:chicken_cheeseburger_tomato,createfood,12,16.80,food,true
createfood:chicken_nuggets,createfood,4,7.20,food,true
createfood:chicken_patty,createfood,6,9.60,food,true
createfood:chicken_rice_bowl,createfood,8,11.20,food,true
createfood:chicken_taco,createfood,9,10.80,food,true
createfood:chicken_taco_lettuce,createfood,10,12.00,food,true
createfood:chicken_taco_lettuce_taco_sauce,createfood,11,17.60,food,true
createfood:chicken_wrap_onion_tomato,createfood,10,14.00,food,true
createfood:chocolate_apple,createfood,8,11.20,food,true
createfood:chocolate_apple_slice,createfood,4,3.20,food,true
createfood:chocolate_bottle,createfood,7,5.60,food,true
createfood:chocolate_chip_chocolate_cookie,createfood,3,3.00,food,true
createfood:chocolate_chip_chocolate_milkshake_bottle,createfood,6,15.60,food,true
createfood:chocolate_chip_ice_cream_cone,createfood,2,4.80,food,true
createfood:chocolate_chip_milkshake_bottle,createfood,5,12.00,food,true
createfood:chocolate_chip_mini_waffle,createfood,3,10.20,food,true
createfood:chocolate_chip_muffin,createfood,3,4.80,food,true
createfood:chocolate_chocolate_pastry,createfood,3,6.00,food,true
createfood:chocolate_cream_cake_slice,createfood,2,1.20,food,true
createfood:chocolate_cream_cake_slice_butterscotch,createfood,4,3.20,food,true
createfood:chocolate_cream_cake_slice_caramel,createfood,2,1.60,food,true
createfood:chocolate_cream_cake_slice_chocolate,createfood,4,2.40,food,true
createfood:chocolate_cream_cake_slice_dark_chocolate,createfood,5,2.00,food,true
createfood:chocolate_cream_cake_slice_toffee,createfood,3,2.40,food,true
createfood:chocolate_cream_cake_slice_white_chocolate,createfood,3,3.00,food,true
createfood:chocolate_cream_chocolate_cake_slice,createfood,2,1.20,food,true
createfood:chocolate_cream_chocolate_cupcake,createfood,4,10.40,food,true
createfood:chocolate_cream_chocolate_donut,createfood,4,5.60,food,true
createfood:chocolate_cream_chocolate_sweet_roll,createfood,6,7.20,food,true
createfood:chocolate_cream_cupcake,createfood,3,7.20,food,true
createfood:chocolate_cream_donut,createfood,3,4.20,food,true
createfood:chocolate_cream_frosting_bottle,createfood,4,2.40,food,true
createfood:chocolate_cream_mini_waffle,createfood,3,10.20,food,true
createfood:chocolate_cream_sweet_roll,createfood,5,5.00,food,true
createfood:chocolate_cupcake_base,createfood,3,5.40,food,true
createfood:chocolate_custard_bottle,createfood,7,14.00,food,true
createfood:chocolate_donut_base,createfood,2,4.80,food,true
createfood:chocolate_donut_hole,createfood,1,1.60,food,true
createfood:chocolate_donut_hole_sugar,createfood,1,1.60,food,true
createfood:chocolate_donut_sugar,createfood,4,4.80,food,true
createfood:chocolate_dried_coffee_beans,createfood,3,3.60,food,false
createfood:chocolate_fudge,createfood,3,3.60,food,true
createfood:chocolate_fudge_ice_cream_bowl,createfood,8,11.20,food,true
createfood:chocolate_graham_cracker,createfood,3,4.80,food,true
createfood:chocolate_graham_cracker_apple_ice_cream,createfood,5,8.00,food,true
createfood:chocolate_graham_cracker_berry_ice_cream,createfood,5,8.00,food,true
createfood:chocolate_graham_cracker_chocolate_ice_cream,createfood,5,10.00,food,true
createfood:chocolate_graham_cracker_chorus_fruit_ice_cream,createfood,6,12.00,food,true
createfood:chocolate_graham_cracker_glow_berry_ice_cream,createfood,5,8.00,food,true
createfood:chocolate_graham_cracker_ice_cream,createfood,5,9.00,food,true
createfood:chocolate_graham_cracker_melon_ice_cream,createfood,5,9.00,food,true
createfood:chocolate_graham_cracker_neapolitan_scoop_1,createfood,4,5.60,food,true
createfood:chocolate_graham_cracker_neapolitan_scoop_2,createfood,5,6.00,food,true
createfood:chocolate_graham_cracker_neapolitan_scoop_3,createfood,6,8.40,food,true
createfood:chocolate_graham_cracker_pie_crust,createfood,7,8.40,food,true
createfood:chocolate_ice_cream_bowl,createfood,3,7.20,food,true
createfood:chocolate_ice_cream_cone,createfood,2,4.80,food,true
createfood:chocolate_ice_cream_sandwich,createfood,6,9.60,food,true
createfood:chocolate_ice_cream_stick,createfood,1,2.40,food,true
createfood:chocolate_marshmallow_stick,createfood,4,2.40,food,true
createfood:chocolate_milk_bottle,createfood,2,1.20,food,true
createfood:chocolate_milkshake_bottle,createfood,5,12.00,food,true
createfood:chocolate_pastry,createfood,2,4.00,food,true
createfood:chocolate_pastry_base,createfood,4,6.40,food,true
createfood:chocolate_pie_graham_cracker_slice,createfood,4,2.40,food,true
createfood:chocolate_pretzel_stick,createfood,4,4.80,food,true
createfood:chocolate_sweet_roll_base,createfood,5,7.00,food,true
createfood:chocolate_toast,createfood,4,4.80,food,true
createfood:chorus_fruit_cheesecake_slice,createfood,4,2.40,food,true
createfood:chorus_fruit_cookie,createfood,3,4.80,food,true
createfood:chorus_fruit_cream_cake_slice,createfood,2,1.20,food,true
createfood:chorus_fruit_cream_cake_slice_chorus_fruit,createfood,4,4.00,food,true
createfood:chorus_fruit_cream_cake_slice_glow_berry,createfood,4,3.20,food,true
createfood:chorus_fruit_cream_cake_slice_sweet_berry,createfood,4,3.20,food,true
createfood:chorus_fruit_cream_chocolate,createfood,9,9.00,food,true
createfood:chorus_fruit_cream_chocolate_cupcake,createfood,5,12.00,food,true
createfood:chorus_fruit_cream_chocolate_donut,createfood,4,5.60,food,true
createfood:chorus_fruit_cream_chocolate_pastry,createfood,4,8.00,food,true
createfood:chorus_fruit_cream_chocolate_sweet_roll,createfood,8,12.80,food,true
createfood:chorus_fruit_cream_chocolate_sweet_roll_chorus_fruit,createfood,8,12.80,food,true
createfood:chorus_fruit_cream_cupcake,createfood,4,8.80,food,true
createfood:chorus_fruit_cream_dark_chocolate,createfood,10,8.00,food,true
createfood:chorus_fruit_cream_donut,createfood,3,4.20,food,true
createfood:chorus_fruit_cream_frosting_bottle,createfood,6,6.00,food,true
createfood:chorus_fruit_cream_mini_waffle,createfood,4,15.20,food,true
createfood:chorus_fruit_cream_mini_waffle_chorus_fruit,createfood,4,15.20,food,true
createfood:chorus_fruit_cream_pastry,createfood,3,6.00,food,true
createfood:chorus_fruit_cream_sweet_roll,createfood,7,9.80,food,true
createfood:chorus_fruit_cream_sweet_roll_chorus_fruit,createfood,7,9.80,food,true
createfood:chorus_fruit_cream_white_chocolate,createfood,8,9.60,food,true
createfood:chorus_fruit_custard_bottle,createfood,9,16.20,food,true
createfood:chorus_fruit_ice_cream_bowl,createfood,4,9.60,food,true
createfood:chorus_fruit_ice_cream_cone,createfood,3,5.40,food,true
createfood:chorus_fruit_ice_cream_sandwich,createfood,7,11.20,food,true
createfood:chorus_fruit_ice_cream_stick,createfood,2,3.60,food,true
createfood:chorus_fruit_jam_bottle,createfood,5,11.00,food,true
createfood:chorus_fruit_jam_chocolate_donut,createfood,6,10.80,food,true
createfood:chorus_fruit_jam_donut,createfood,6,10.80,food,true
createfood:chorus_fruit_jam_sandwich,createfood,10,10.00,food,true
createfood:chorus_fruit_juice_bottle,createfood,3,9.60,food,true
createfood:chorus_fruit_milkshake_bottle,createfood,6,13.20,food,true
createfood:chorus_fruit_muffin,createfood,4,5.60,food,true
createfood:chorus_fruit_pie_slice,createfood,4,2.40,food,true
createfood:chorus_fruit_popsicle,createfood,4,4.80,food,true
createfood:chorus_fruit_slice,createfood,4,7.20,food,true
createfood:cinnamon_sweet_roll_base,createfood,4,4.80,food,false
createfood:coffee_toffee,createfood,1,4.00,food,false
createfood:coffee_toffee_fudge,createfood,4,5.60,food,false
createfood:cooked_rabbit_cuts,createfood,3,3.60,food,true
createfood:cooked_tropical_fish,createfood,5,8.00,food,true
createfood:cooked_tropical_fish_slice,createfood,5,8.00,food,true
createfood:cookie_cream_pie_slice,createfood,5,7.00,food,true
createfood:cotton_candy_stick,createfood,1,10.00,food,true
createfood:cream_cake_slice,createfood,2,1.20,food,true
createfood:cream_cake_slice_chorus_fruit,createfood,4,3.20,food,true
createfood:cream_cake_slice_glow_berry,createfood,3,1.80,food,true
createfood:cream_chocolate,createfood,6,4.80,food,true
createfood:cream_chocolate_cake_slice,createfood,2,1.20,food,true
createfood:cream_chocolate_cupcake,createfood,4,9.60,food,true
createfood:cream_chocolate_donut,createfood,4,4.80,food,true
createfood:cream_chocolate_pastry,createfood,3,5.40,food,true
createfood:cream_chocolate_sweet_roll,createfood,6,9.60,food,true
createfood:cream_chocolate_sweet_roll_chorus_fruit,createfood,9,12.60,food,true
createfood:cream_chocolate_sweet_roll_glow_berry,createfood,7,8.40,food,true
createfood:cream_chocolate_sweet_roll_sweet_berry,createfood,6,6.00,food,true
createfood:cream_cupcake,createfood,3,6.60,food,true
createfood:cream_dark_chocolate,createfood,7,4.20,food,true
createfood:cream_donut,createfood,3,4.20,food,true
createfood:cream_frosting_bottle,createfood,3,1.20,food,true
createfood:cream_mini_waffle,createfood,3,10.80,food,true
createfood:cream_mini_waffle_chorus_fruit,createfood,3,11.40,food,true
createfood:cream_mini_waffle_glow_berry,createfood,3,10.80,food,true
createfood:cream_mini_waffle_sweet_berry,createfood,3,10.80,food,true
createfood:cream_pastry,createfood,2,3.60,food,true
createfood:cream_pie_chocolate_graham_cracker_slice,createfood,4,4.00,food,true
createfood:cream_pie_graham_cracker_slice,createfood,3,3.60,food,true
createfood:cream_sweet_roll_chorus_fruit,createfood,8,12.80,food,true
createfood:cream_sweet_roll_glow_berry,createfood,6,8.40,food,true
createfood:cream_sweet_roll_sweet_berry,createfood,5,6.00,food,true
createfood:cream_white_chocolate,createfood,5,5.00,food,true
createfood:creme_brulee_bottle,createfood,10,20.00,food,true
createfood:cupcake_base,createfood,2,3.60,food,true
createfood:custard_bottle,createfood,5,8.00,food,true
createfood:custard_sugar_bottle,createfood,6,7.20,food,true
createfood:cyan_gelatin_dessert_slice,createfood,5,3.00,food,true
createfood:dark_chocolate_apple,createfood,9,14.40,food,true
createfood:dark_chocolate_apple_slice,createfood,5,5.00,food,true
createfood:dark_chocolate_berries,createfood,8,11.20,food,true
createfood:dark_chocolate_bottle,createfood,8,4.80,food,true
createfood:dark_chocolate_chip_chocolate_cookie,createfood,4,3.20,food,true
createfood:dark_chocolate_chip_chocolate_milkshake_bottle,createfood,7,16.80,food,true
createfood:dark_chocolate_chip_cookie,createfood,2,2.00,food,true
createfood:dark_chocolate_chip_ice_cream_cone,createfood,2,4.80,food,true
createfood:dark_chocolate_chip_milkshake_bottle,createfood,6,13.20,food,true
createfood:dark_chocolate_chip_mini_waffle,createfood,3,10.20,food,true
createfood:dark_chocolate_chip_muffin,createfood,4,7.20,food,true
createfood:dark_chocolate_chocolate_pastry,createfood,4,7.20,food,true
createfood:dark_chocolate_dried_coffee_beans,createfood,4,4.00,food,false
createfood:dark_chocolate_fudge,createfood,4,4.00,food,true
createfood:dark_chocolate_marshmallow_stick,createfood,5,3.00,food,true
createfood:dark_chocolate_pastry,createfood,3,5.40,food,true
createfood:dark_chocolate_pretzel_stick,createfood,4,4.00,food,true
createfood:dark_chocolate_toast,createfood,5,5.00,food,true
createfood:donut_base,createfood,1,2.20,food,true
createfood:donut_hole,createfood,1,0.80,food,true
createfood:donut_hole_sugar,createfood,1,0.80,food,true
createfood:donut_sugar,createfood,3,3.60,food,true
createfood:dragon_bun,createfood,9,7.20,food,false
createfood:dragon_bun_crimson_fungus,createfood,9,9.00,food,false
createfood:dragon_bun_warped_fungus,createfood,9,10.80,food,false
createfood:dragon_burger,createfood,11,8.80,food,false
createfood:dragon_burger_crimson_fungus,createfood,11,11.00,food,false
createfood:dragon_burger_warped_fungus,createfood,11,13.20,food,false
createfood:dragon_patty,createfood,7,8.40,food,false
createfood:egg_burrito,createfood,10,12.00,food,true
createfood:egg_burrito_bacon,createfood,12,16.80,food,true
createfood:egg_burrito_cheese,createfood,11,15.40,food,true
createfood:egg_burrito_cheese_bacon,createfood,13,20.80,food,true
createfood:egg_burrito_cheese_sausage,createfood,13,20.80,food,true
createfood:egg_burrito_cheese_sausage_bacon,createfood,14,22.40,food,true
createfood:egg_burrito_sausage,createfood,12,16.80,food,true
createfood:egg_dumplings,createfood,5,6.00,food,true
createfood:eggplant_bun,createfood,5,9.00,food,false
createfood:eggplant_bun_cheese,createfood,8,14.40,food,false
createfood:eggplant_bun_cheese_lettuce,createfood,10,18.00,food,false
createfood:eggplant_bun_cheese_lettuce_tomato,createfood,10,20.00,food,false
createfood:eggplant_bun_cheese_tomato,createfood,10,18.00,food,false
createfood:eggplant_bun_lettuce,createfood,7,14.00,food,false
createfood:eggplant_bun_lettuce_tomato,createfood,7,15.40,food,false
createfood:eggplant_bun_tomato,createfood,7,14.00,food,false
createfood:eggplant_burger,createfood,7,12.60,food,false
createfood:eggplant_burger_lettuce,createfood,9,18.00,food,false
createfood:eggplant_burger_tomato,createfood,9,18.00,food,false
createfood:eggplant_cheeseburger,createfood,10,18.00,food,false
createfood:eggplant_cheeseburger_lettuce,createfood,12,21.60,food,false
createfood:eggplant_cheeseburger_lettuce_tomato,createfood,12,24.00,food,false
createfood:eggplant_cheeseburger_tomato,createfood,12,21.60,food,false
createfood:endermite_meatball,createfood,4,4.80,food,false
createfood:endermite_meatball_sandwich,createfood,10,8.00,food,false
createfood:endermite_meatball_stick_1,createfood,5,6.00,food,false
createfood:endermite_meatball_stick_2,createfood,6,7.20,food,false
createfood:endermite_meatball_stick_3,createfood,8,11.20,food,false
createfood:fish_bacon_pizza_slice,createfood,6,10.80,food,true
createfood:fish_burrito_rice,createfood,11,13.20,food,true
createfood:fish_calzone,createfood,7,5.60,food,true
createfood:fish_chowder_bowl,createfood,8,12.80,food,true
createfood:fish_onion_pizza_slice,createfood,8,11.20,food,true
createfood:fish_pizza_slice,createfood,6,7.20,food,true
createfood:fish_rice_bowl,createfood,8,12.80,food,true
createfood:fish_sticks,createfood,6,8.40,food,true
createfood:fish_taco,createfood,8,8.00,food,true
createfood:fish_taco_kelp,createfood,9,9.00,food,true
createfood:fish_taco_kelp_taco_sauce,createfood,10,14.00,food,true
createfood:fish_wrap_kelp_onion,createfood,10,12.00,food,true
createfood:fishcake,createfood,4,7.20,food,true
createfood:french_toast_slice,createfood,5,9.00,food,true
createfood:french_toast_slice_apple_jam,createfood,6,12.00,food,true
createfood:french_toast_slice_berry_jam,createfood,6,12.00,food,true
createfood:french_toast_slice_butter,createfood,6,14.40,food,true
createfood:french_toast_slice_chorus_fruit_jam,createfood,7,14.00,food,true
createfood:french_toast_slice_glow_berry_jam,createfood,6,13.20,food,true
createfood:french_toast_slice_melon_jam,createfood,6,10.80,food,true
createfood:french_toast_slice_sugar,createfood,5,10.00,food,true
createfood:fried_egg_hash_brown_sandwich,createfood,9,21.60,food,true
createfood:fried_egg_plate,createfood,4,3.20,food,true
createfood:fried_pita_bread,createfood,2,1.20,food,true
createfood:fruit_smoothie_bottle,createfood,4,14.40,food,true
createfood:gelatin_dessert_slice,createfood,5,3.00,food,true
createfood:glow_berry_cheesecake_slice,createfood,3,1.80,food,true
createfood:glow_berry_cookie,createfood,2,2.00,food,true
createfood:glow_berry_cream_cake_slice,createfood,2,1.20,food,true
createfood:glow_berry_cream_cake_slice_chorus_fruit,createfood,3,2.40,food,true
createfood:glow_berry_cream_cake_slice_glow_berry,createfood,3,1.80,food,true
createfood:glow_berry_cream_cake_slice_sweet_berry,createfood,3,1.80,food,true
createfood:glow_berry_cream_chocolate,createfood,7,5.60,food,true
createfood:glow_berry_cream_chocolate_cupcake,createfood,4,8.80,food,true
createfood:glow_berry_cream_chocolate_donut,createfood,4,5.60,food,true
createfood:glow_berry_cream_chocolate_pastry,createfood,3,6.00,food,true
createfood:glow_berry_cream_chocolate_sweet_roll,createfood,6,8.40,food,true
createfood:glow_berry_cream_chocolate_sweet_roll_glow_berry,createfood,6,8.40,food,true
createfood:glow_berry_cream_cupcake,createfood,3,6.00,food,true
createfood:glow_berry_cream_dark_chocolate,createfood,8,4.80,food,true
createfood:glow_berry_cream_donut,createfood,3,4.20,food,true
createfood:glow_berry_cream_frosting_bottle,createfood,4,3.20,food,true
createfood:glow_berry_cream_mini_waffle,createfood,3,11.40,food,true
createfood:glow_berry_cream_mini_waffle_glow_berry,createfood,3,11.40,food,true
createfood:glow_berry_cream_pastry,createfood,2,4.00,food,true
createfood:glow_berry_cream_sweet_roll,createfood,5,6.00,food,true
createfood:glow_berry_cream_sweet_roll_glow_berry,createfood,5,6.00,food,true
createfood:glow_berry_cream_white_chocolate,createfood,6,6.00,food,true
createfood:glow_berry_ice_cream_bowl,createfood,3,6.00,food,true
createfood:glow_berry_ice_cream_cone,createfood,2,3.60,food,true
createfood:glow_berry_ice_cream_sandwich,createfood,6,7.20,food,true
createfood:glow_berry_ice_cream_stick,createfood,1,1.80,food,true
createfood:glow_berry_jam_bottle,createfood,4,9.60,food,true
createfood:glow_berry_jam_chocolate_donut,createfood,5,9.00,food,true
createfood:glow_berry_jam_donut,createfood,5,9.00,food,true
createfood:glow_berry_jam_sandwich,createfood,9,7.20,food,true
createfood:glow_berry_juice_bottle,createfood,2,6.40,food,true
createfood:glow_berry_milkshake_bottle,createfood,5,10.00,food,true
createfood:glow_berry_muffin,createfood,4,6.40,food,true
createfood:glow_berry_pie_slice,createfood,3,1.80,food,true
createfood:glow_berry_popsicle,createfood,3,3.00,food,true
createfood:graham_cracker,createfood,2,3.20,food,true
createfood:graham_cracker_chocolate,createfood,4,6.40,food,true
createfood:graham_cracker_chocolate_marshmallow,createfood,6,8.40,food,true
createfood:graham_cracker_marshmallow,createfood,3,4.20,food,true
createfood:graham_cracker_pie_crust,createfood,6,8.40,food,true
createfood:gray_gelatin_dessert_slice,createfood,5,3.00,food,true
createfood:green_gelatin_dessert_slice,createfood,5,3.00,food,true
createfood:grilled_cheese_sandwich,createfood,9,9.00,food,true
createfood:gyro_meat_slice,createfood,4,8.80,food,true
createfood:hamburger,createfood,8,9.60,food,true
createfood:hamburger_bacon,createfood,10,12.00,food,true
createfood:hamburger_bacon_lettuce,createfood,11,15.40,food,true
createfood:hamburger_bacon_lettuce_tomato,createfood,11,17.60,food,true
createfood:hamburger_crimson_fungus,createfood,11,11.00,food,true
createfood:hamburger_lettuce,createfood,9,12.60,food,true
createfood:hamburger_lettuce_tomato,createfood,9,14.40,food,true
createfood:hamburger_onion,createfood,8,12.80,food,true
createfood:hamburger_onion_bacon,createfood,11,15.40,food,true
createfood:hamburger_onion_bacon_lettuce,createfood,12,19.20,food,true
createfood:hamburger_onion_lettuce,createfood,10,14.00,food,true
createfood:hamburger_peanut_butter,createfood,8,12.80,food,false
createfood:hamburger_peanut_butter_bacon,createfood,10,16.00,food,false
createfood:hamburger_tomato,createfood,9,12.60,food,true
createfood:hamburger_warped_fungus,createfood,11,13.20,food,true
createfood:hash_brown_fried_egg_plate,createfood,8,11.20,food,true
createfood:hash_brown_plate,createfood,4,4.80,food,true
createfood:hash_brown_toast_plate,createfood,8,11.20,food,true
createfood:hash_browns,createfood,4,4.80,food,true
createfood:hollow_chocolate,createfood,2,0.80,food,true
createfood:hollow_dark_chocolate,createfood,5,2.00,food,true
createfood:hollow_white_chocolate,createfood,3,2.40,food,true
createfood:honey_sandwich,createfood,7,9.80,food,true
createfood:honeycomb_candy_stick,createfood,2,1.20,food,true
createfood:honeyed_apple_slice,createfood,4,7.20,food,true
createfood:honeyed_berries,createfood,7,12.60,food,true
createfood:honeyed_biscuit,createfood,4,5.60,food,true
createfood:honeyed_chocolate_cupcake,createfood,5,11.00,food,true
createfood:honeyed_chocolate_donut,createfood,4,5.60,food,true
createfood:honeyed_chocolate_pastry,createfood,4,7.20,food,true
createfood:honeyed_chocolate_sweet_roll,createfood,6,9.60,food,true
createfood:honeyed_cupcake,createfood,4,8.00,food,true
createfood:honeyed_donut,createfood,3,4.20,food,true
createfood:honeyed_mini_waffle,createfood,3,10.80,food,true
createfood:honeyed_muffin,createfood,4,5.60,food,true
createfood:honeyed_pastry,createfood,4,7.20,food,true
createfood:honeyed_pretzel_stick,createfood,3,4.80,food,true
createfood:honeyed_sweet_roll,createfood,5,7.00,food,true
createfood:honeyed_toast,createfood,4,6.40,food,true
createfood:hot_chocolate_bottle,createfood,9,16.20,food,true
createfood:hot_dark_chocolate_bottle,createfood,10,16.00,food,true
createfood:hot_white_chocolate_bottle,createfood,8,16.00,food,true
createfood:ice_cream_bowl,createfood,2,4.40,food,true
createfood:ice_cream_cone,createfood,2,3.20,food,true
createfood:ice_cream_sandwich,createfood,6,8.40,food,true
createfood:ice_cream_sandwich_neapolitan,createfood,7,11.20,food,true
createfood:ice_cream_stick,createfood,1,1.60,food,true
createfood:kelp_roll_beetroot,createfood,13,15.60,food,true
createfood:kelp_roll_brown_mushroom,createfood,12,14.40,food,true
createfood:kelp_roll_crimson_fungus,createfood,13,15.60,food,true
createfood:kelp_roll_fish,createfood,11,13.20,food,true
createfood:kelp_roll_lettuce,createfood,10,8.00,food,true
createfood:kelp_roll_onion,createfood,11,13.20,food,true
createfood:kelp_roll_red_mushroom,createfood,12,14.40,food,true
createfood:kelp_roll_rice,createfood,12,16.80,food,true
createfood:kelp_roll_slice_beetroot,createfood,6,7.20,food,true
createfood:kelp_roll_slice_brown_mushroom,createfood,6,7.20,food,true
createfood:kelp_roll_slice_crimson_fungus,createfood,7,8.40,food,true
createfood:kelp_roll_slice_fish,createfood,5,6.00,food,true
createfood:kelp_roll_slice_lettuce,createfood,5,4.00,food,true
createfood:kelp_roll_slice_onion,createfood,5,6.00,food,true
createfood:kelp_roll_slice_red_mushroom,createfood,6,7.20,food,true
createfood:kelp_roll_slice_rice,createfood,6,8.40,food,true
createfood:kelp_roll_slice_tomato,createfood,6,6.00,food,true
createfood:kelp_roll_slice_warped_fungus,createfood,7,8.40,food,true
createfood:kelp_roll_tomato,createfood,12,12.00,food,true
createfood:kelp_roll_warped_fungus,createfood,13,15.60,food,true
createfood:kelp_soup_bowl,createfood,11,15.40,food,true
createfood:leather_soup_bowl,createfood,3,9.00,food,true
createfood:light_blue_gelatin_dessert_slice,createfood,5,3.00,food,true
createfood:light_gray_gelatin_dessert_slice,createfood,5,3.00,food,true
createfood:lime_gelatin_dessert_slice,createfood,5,3.00,food,true
createfood:macaroni,createfood,2,2.00,food,true
createfood:macaroni_bowl,createfood,3,3.00,food,true
createfood:macaroni_bowl_bacon,createfood,4,4.80,food,true
createfood:macaroni_bowl_cheese,createfood,3,3.60,food,true
createfood:macaroni_bowl_cheese_bacon,createfood,4,4.80,food,true
createfood:macaroni_bowl_cheese_sausage,createfood,5,5.00,food,true
createfood:macaroni_bowl_sausage,createfood,5,5.00,food,true
createfood:magenta_gelatin_dessert_slice,createfood,5,3.00,food,true
createfood:magma_cream_marshmallow,createfood,2,0.80,food,true
createfood:magma_cream_marshmallow_stick,createfood,3,1.20,food,true
createfood:marshmallow,createfood,2,0.80,food,true
createfood:marshmallow_butterscotch_fudge,createfood,3,5.40,food,true
createfood:marshmallow_caramel_fudge,createfood,5,5.00,food,true
createfood:marshmallow_chocolate,createfood,6,6.00,food,true
createfood:marshmallow_chocolate_fudge,createfood,3,4.20,food,true
createfood:marshmallow_coffee_toffee_fudge,createfood,4,6.40,food,false
createfood:marshmallow_dark_chocolate,createfood,7,5.60,food,true
createfood:marshmallow_dark_chocolate_fudge,createfood,4,4.80,food,true
createfood:marshmallow_hot_chocolate_bottle,createfood,9,18.00,food,true
createfood:marshmallow_hot_dark_chocolate_bottle,createfood,10,18.00,food,true
createfood:marshmallow_hot_white_chocolate_bottle,createfood,8,17.60,food,true
createfood:marshmallow_stick,createfood,3,1.20,food,true
createfood:marshmallow_toffee_fudge,createfood,4,4.80,food,true
createfood:marshmallow_white_chocolate,createfood,5,6.00,food,true
createfood:marshmallow_white_chocolate_fudge,createfood,2,3.20,food,true
createfood:mashed_potatoes_bowl,createfood,7,11.20,food,true
createfood:mashed_potatoes_bowl_bacon,createfood,9,18.00,food,true
createfood:mashed_potatoes_bowl_cheese,createfood,9,18.00,food,true
createfood:mashed_potatoes_bowl_mushroom,createfood,8,12.80,food,true
createfood:mashed_potatoes_bowl_sour_cream,createfood,8,14.40,food,true
createfood:meat_pie_slice,createfood,5,8.00,food,true
createfood:melon_cream_cake_slice,createfood,2,1.20,food,true
createfood:melon_cream_chocolate,createfood,7,8.40,food,true
createfood:melon_cream_chocolate_cupcake,createfood,4,9.60,food,true
createfood:melon_cream_chocolate_donut,createfood,5,9.00,food,true
createfood:melon_cream_chocolate_pastry,createfood,4,8.80,food,true
createfood:melon_cream_chocolate_sweet_roll,createfood,6,10.80,food,true
createfood:melon_cream_cupcake,createfood,3,6.60,food,true
createfood:melon_cream_dark_chocolate,createfood,8,8.00,food,true
createfood:melon_cream_donut,createfood,4,7.20,food,true
createfood:melon_cream_frosting_bottle,createfood,4,6.40,food,true
createfood:melon_cream_mini_waffle,createfood,3,9.60,food,true
createfood:melon_cream_pastry,createfood,3,6.60,food,true
createfood:melon_cream_sweet_roll,createfood,5,8.00,food,true
createfood:melon_cream_white_chocolate,createfood,6,8.40,food,true
createfood:melon_custard_bottle,createfood,9,14.40,food,true
createfood:melon_ice_cream_bowl,createfood,3,7.20,food,true
createfood:melon_ice_cream_cone,createfood,2,4.40,food,true
createfood:melon_ice_cream_sandwich,createfood,6,8.40,food,true
createfood:melon_ice_cream_stick,createfood,1,2.20,food,true
createfood:melon_jam_bottle,createfood,4,13.60,food,true
createfood:melon_jam_chocolate_donut,createfood,5,9.00,food,true
createfood:melon_jam_donut,createfood,5,9.00,food,true
createfood:melon_jam_sandwich,createfood,8,12.80,food,true
createfood:melon_milkshake_bottle,createfood,6,12.00,food,true
createfood:meringue_cookie,createfood,2,1.60,food,true
createfood:milkshake_bottle,createfood,4,6.40,food,true
createfood:mini_chocolate_graham_cracker_pie_crust,createfood,4,7.20,food,true
createfood:mini_chocolate_pie_graham_cracker,createfood,7,11.20,food,true
createfood:mini_cookie_cream_pie,createfood,8,12.80,food,true
createfood:mini_cream_pie_chocolate_graham_cracker,createfood,6,12.00,food,true
createfood:mini_cream_pie_graham_cracker,createfood,6,10.80,food,true
createfood:mini_graham_cracker_pie_crust,createfood,3,5.40,food,true
createfood:mini_smores_pie,createfood,9,12.60,food,true
createfood:mini_waffle,createfood,2,2.40,food,true
createfood:mixed_salad_beetroot_carrot,createfood,6,8.40,food,true
createfood:mozzarella_sticks,createfood,5,7.00,food,true
createfood:muffin_base,createfood,3,4.20,food,true
createfood:mushroom_bacon_pizza_slice,createfood,5,9.00,food,true
createfood:mushroom_burrito_rice,createfood,8,9.60,food,true
createfood:mushroom_calzone,createfood,6,7.20,food,true
createfood:mushroom_cream_soup_bowl,createfood,7,12.60,food,true
createfood:mushroom_cream_soup_bowl_cheese,createfood,9,12.60,food,true
createfood:mushroom_fish_pizza_slice,createfood,6,10.80,food,true
createfood:mushroom_onion_pizza_slice,createfood,7,9.80,food,true
createfood:mushroom_pizza_slice,createfood,5,6.00,food,true
createfood:mushroom_rice_bowl,createfood,7,9.10,food,true
createfood:mushroom_taco,createfood,7,7.00,food,true
createfood:mushroom_taco_lettuce,createfood,8,9.60,food,true
createfood:mushroom_taco_lettuce_taco_sauce,createfood,9,12.60,food,true
createfood:mushroom_wrap_lettuce_potato,createfood,9,12.60,food,true
createfood:mutton_burrito_rice,createfood,12,16.80,food,true
createfood:mutton_calzone,createfood,7,7.00,food,true
createfood:mutton_sandwich,createfood,7,8.40,food,true
createfood:mutton_sandwich_beetroot,createfood,7,11.20,food,true
createfood:mutton_stew_bowl,createfood,12,21.60,food,true
createfood:mutton_taco,createfood,9,10.80,food,true
createfood:mutton_taco_lettuce,createfood,11,13.20,food,true
createfood:mutton_taco_lettuce_taco_sauce,createfood,11,17.60,food,true
createfood:mutton_wrap_lettuce_tomato,createfood,10,14.00,food,true
createfood:nacho_bowl,createfood,6,10.80,food,true
createfood:nacho_bowl_beef,createfood,9,14.40,food,true
createfood:nacho_bowl_beef_taco_sauce,createfood,11,17.60,food,true
createfood:nacho_bowl_sour_cream,createfood,7,12.60,food,true
createfood:nacho_bowl_taco_sauce,createfood,8,11.20,food,true
createfood:onion_bacon_pizza_slice,createfood,7,9.80,food,true
createfood:onion_calzone,createfood,6,6.00,food,true
createfood:onion_pizza_slice,createfood,6,6.00,food,true
createfood:onion_rings,createfood,5,6.00,food,true
createfood:orange_gelatin_dessert_slice,createfood,5,3.00,food,true
createfood:pasta,createfood,2,3.20,food,true
createfood:pasta_plate,createfood,5,7.00,food,true
createfood:pasta_plate_beef_meatballs,createfood,8,9.60,food,true
createfood:pasta_plate_butter,createfood,6,9.60,food,true
createfood:pasta_plate_cheese,createfood,5,9.00,food,true
createfood:pasta_plate_cheese_tomato_sauce,createfood,9,19.80,food,true
createfood:pasta_plate_chicken_cut,createfood,7,9.80,food,true
createfood:pasta_plate_chicken_cut_tomato_sauce,createfood,11,19.80,food,true
createfood:pasta_plate_eggplant,createfood,7,11.20,food,false
createfood:pasta_plate_endermite_meatballs,createfood,8,9.60,food,false
createfood:pasta_plate_endermite_meatballs_tomato_sauce,createfood,12,19.20,food,false
createfood:pasta_plate_fish,createfood,7,11.20,food,true
createfood:pasta_plate_fish_tomato_sauce,createfood,11,17.60,food,true
createfood:pasta_plate_mushroom,createfood,7,9.80,food,true
createfood:pasta_plate_mushroom_tomato_sauce,createfood,9,16.20,food,true
createfood:pasta_plate_mutton_chop,createfood,8,9.60,food,true
createfood:pasta_plate_pork_meatballs,createfood,7,11.20,food,true
createfood:pasta_plate_pork_meatballs_tomato_sauce,createfood,11,22.00,food,true
createfood:pasta_plate_rabbit_meatballs,createfood,6,10.80,food,true
createfood:pasta_plate_rabbit_meatballs_tomato_sauce,createfood,10,22.00,food,true
createfood:pasta_plate_slime,createfood,6,9.60,food,true
createfood:pasta_plate_slimeballs,createfood,8,9.60,food,true
createfood:pasta_plate_squid_ink,createfood,6,9.60,food,true
createfood:pasta_plate_strider_meatballs,createfood,8,9.60,food,false
createfood:pasta_plate_strider_meatballs_tomato_sauce,createfood,12,19.20,food,false
createfood:pasta_plate_tomato_sauce,createfood,7,12.60,food,true
createfood:pastry_base,createfood,2,3.20,food,true
createfood:peanut_butter_apple_jam_sandwich,createfood,8,12.80,food,false
createfood:peanut_butter_chorus_fruit_jam_sandwich,createfood,11,13.20,food,false
createfood:peanut_butter_melon_jam_sandwich,createfood,9,16.20,food,false
createfood:pink_gelatin_dessert_slice,createfood,5,3.00,food,true
createfood:pita_bread,createfood,3,10.80,food,true
createfood:pita_chip_bowl,createfood,4,3.20,food,true
createfood:pita_chips,createfood,2,1.20,food,true
createfood:pork_burrito_rice,createfood,13,15.60,food,true
createfood:pork_meatball,createfood,3,4.80,food,true
createfood:pork_meatball_sandwich,createfood,9,10.80,food,true
createfood:pork_meatball_stick_1,createfood,4,6.40,food,true
createfood:pork_meatball_stick_2,createfood,5,8.00,food,true
createfood:pork_meatball_stick_3,createfood,6,10.80,food,true
createfood:pork_stew_bowl,createfood,12,21.60,food,true
createfood:pork_taco,createfood,10,10.00,food,true
createfood:pork_taco_lettuce,createfood,11,13.20,food,true
createfood:pork_taco_lettuce_taco_sauce,createfood,12,16.80,food,true
createfood:pork_wrap_onion_lettuce,createfood,11,13.20,food,true
createfood:potato_chip_bowl,createfood,4,4.00,food,true
createfood:potato_chips,createfood,2,0.80,food,true
createfood:potato_cream_soup_bowl,createfood,8,14.40,food,true
createfood:potato_cream_soup_bowl_cheese,createfood,9,16.20,food,true
createfood:pretzel_stick,createfood,2,2.00,food,true
createfood:pumpernickel_bread,createfood,5,11.00,food,true
createfood:pumpernickel_bread_slice,createfood,3,3.00,food,true
createfood:pumpernickel_toast_cream_cheese,createfood,6,7.20,food,true
createfood:pumpernickel_toast_cream_cheese_beetroot,createfood,7,7.00,food,true
createfood:pumpernickel_toast_cream_cheese_beetroot_honey,createfood,8,9.60,food,true
createfood:pumpernickel_toast_cream_cheese_mushroom,createfood,7,8.40,food,true
createfood:pumpernickel_toast_cream_cheese_mushroom_bacon,createfood,8,12.80,food,true
createfood:pumpernickel_toast_cream_cheese_salmon,createfood,7,9.80,food,true
createfood:pumpernickel_toast_cream_cheese_salmon_onion,createfood,8,11.20,food,true
createfood:pumpernickel_toast_slice,createfood,6,15.60,food,true
createfood:pumpkin_custard_bottle,createfood,10,12.00,food,true
createfood:pumpkin_pie_slice,createfood,3,6.00,food,false
createfood:purple_gelatin_dessert_slice,createfood,5,3.00,food,true
createfood:rabbit_burrito_rice,createfood,10,12.00,food,true
createfood:rabbit_calzone,createfood,6,7.20,food,true
createfood:rabbit_jerky,createfood,2,6.40,food,true
createfood:rabbit_meatball,createfood,3,3.60,food,true
createfood:rabbit_meatball_sandwich,createfood,9,7.20,food,true
createfood:rabbit_meatball_stick_1,createfood,4,4.80,food,true
createfood:rabbit_meatball_stick_2,createfood,5,6.00,food,true
createfood:rabbit_meatball_stick_3,createfood,6,8.40,food,true
createfood:rabbit_taco,createfood,8,8.00,food,true
createfood:rabbit_taco_lettuce,createfood,9,9.00,food,true
createfood:rabbit_taco_lettuce_taco_sauce,createfood,10,14.00,food,true
createfood:rabbit_wrap_onion_potato,createfood,10,12.00,food,true
createfood:red_gelatin_dessert_slice,createfood,5,3.00,food,true
createfood:rice_pudding_bowl,createfood,6,9.60,food,true
createfood:sausage_bacon_pizza_slice,createfood,6,9.60,food,true
createfood:sausage_biscuit,createfood,12,9.60,food,true
createfood:sausage_biscuit_bacon,createfood,13,15.60,food,true
createfood:sausage_biscuit_cheese,createfood,14,11.20,food,true
createfood:sausage_biscuit_cheese_bacon,createfood,15,12.00,food,true
createfood:sausage_biscuit_cheese_fried_egg,createfood,14,16.80,food,true
createfood:sausage_biscuit_cheese_fried_egg_bacon,createfood,16,19.20,food,true
createfood:sausage_biscuit_fried_egg,createfood,12,19.20,food,true
createfood:sausage_biscuit_fried_egg_bacon,createfood,14,22.40,food,true
createfood:sausage_biscuit_sandwich,createfood,17,17.00,food,true
createfood:sausage_biscuit_sandwich_bacon,createfood,18,21.60,food,true
createfood:sausage_biscuit_sandwich_cheese,createfood,19,22.80,food,true
createfood:sausage_biscuit_sandwich_cheese_bacon,createfood,20,28.00,food,true
createfood:sausage_biscuit_sandwich_cheese_fried_egg,createfood,19,26.60,food,true
createfood:sausage_biscuit_sandwich_cheese_fried_egg_bacon,createfood,21,29.40,food,true
createfood:sausage_biscuit_sandwich_fried_egg,createfood,17,20.40,food,true
createfood:sausage_biscuit_sandwich_fried_egg_bacon,createfood,19,22.80,food,true
createfood:sausage_bits,createfood,2,0.80,food,true
createfood:sausage_calzone,createfood,7,7.00,food,true
createfood:sausage_fish_pizza_slice,createfood,7,11.20,food,true
createfood:sausage_mushroom_pizza_slice,createfood,6,9.60,food,true
createfood:sausage_onion_pizza_slice,createfood,8,9.60,food,true
createfood:sausage_patty,createfood,6,3.60,food,true
createfood:sausage_pizza_slice,createfood,6,6.00,food,true
createfood:sausage_roll,createfood,4,4.00,food,true
createfood:sausage_roll_cheese,createfood,4,4.80,food,true
createfood:sausages,createfood,6,4.80,food,true
createfood:scone,createfood,3,3.00,food,true
createfood:scone_apple_jam,createfood,5,8.00,food,true
createfood:scone_berry_jam,createfood,5,8.00,food,true
createfood:scone_butter,createfood,5,6.50,food,true
createfood:scone_chorus_fruit_jam,createfood,5,8.00,food,true
createfood:scone_glow_berry_jam,createfood,5,8.00,food,true
createfood:scone_melon_jam,createfood,5,8.00,food,true
createfood:scotch_egg,createfood,9,14.40,food,true
createfood:scotch_egg_slice,createfood,5,8.00,food,true
createfood:scrambled_egg_sandwich,createfood,9,16.20,food,true
createfood:scrambled_eggs_plate,createfood,6,8.40,food,true
createfood:scrambled_eggs_plate_bacon,createfood,8,12.80,food,true
createfood:scrambled_eggs_plate_cheese,createfood,7,11.20,food,true
createfood:scrambled_eggs_plate_mushroom,createfood,7,9.80,food,true
createfood:scrambled_eggs_plate_onion,createfood,7,9.80,food,true
createfood:scrambled_eggs_plate_sausage,createfood,8,11.20,food,true
createfood:scrambled_eggs_plate_tomato,createfood,7,9.80,food,true
createfood:shakshuka_bowl,createfood,9,13.50,food,true
createfood:sliced_beetroot,createfood,2,1.20,food,true
createfood:sliced_brown_mushroom,createfood,1,2.20,food,true
createfood:sliced_brown_mushroom_salt,createfood,1,2.20,food,true
createfood:sliced_carrot,createfood,1,0.80,food,true
createfood:sliced_crimson_fungus,createfood,2,3.60,food,true
createfood:sliced_crimson_fungus_salt,createfood,2,3.60,food,true
createfood:sliced_onion,createfood,2,1.60,food,true
createfood:sliced_potato,createfood,1,1.20,food,true
createfood:sliced_red_mushroom,createfood,1,2.20,food,true
createfood:sliced_red_mushroom_salt,createfood,1,2.20,food,true
createfood:sliced_tomato,createfood,1,1.20,food,true
createfood:sliced_warped_fungus,createfood,2,3.60,food,true
createfood:sliced_warped_fungus_salt,createfood,2,3.60,food,true
createfood:small_beef_meatballs,createfood,3,4.20,food,true
createfood:small_endermite_meatballs,createfood,3,4.20,food,false
createfood:small_pork_meatballs,createfood,2,3.60,food,true
createfood:small_rabbit_meatballs,createfood,2,2.80,food,true
createfood:small_slimeballs,createfood,3,4.20,food,true
createfood:small_strider_meatballs,createfood,3,4.20,food,false
createfood:smore,createfood,7,7.00,food,true
createfood:smores_pie_slice,createfood,4,6.40,food,true
createfood:spicy_chicken_nuggets,createfood,4,8.80,food,true
createfood:spicy_sausage_roll,createfood,5,5.00,food,true
createfood:spicy_sausage_roll_cheese,createfood,5,6.00,food,true
createfood:spicy_sausages,createfood,6,9.60,food,true
createfood:strider_meatball,createfood,4,4.80,food,false
createfood:strider_meatball_sandwich,createfood,10,8.00,food,false
createfood:strider_meatball_stick_1,createfood,5,6.00,food,false
createfood:strider_meatball_stick_2,createfood,6,7.20,food,false
createfood:strider_meatball_stick_3,createfood,8,11.20,food,false
createfood:sugar_cane_juice_bottle,createfood,3,2.40,food,true
createfood:sweet_roll_base,createfood,4,4.80,food,true
createfood:tater_tots,createfood,4,4.80,food,true
createfood:toast_butter,createfood,2,4.80,food,true
createfood:toast_fried_egg_plate,createfood,8,11.20,food,true
createfood:toast_plate,createfood,3,1.80,food,true
createfood:toast_slice,createfood,3,1.80,food,true
createfood:toffee,createfood,1,3.60,food,true
createfood:toffee_apple,createfood,8,12.80,food,true
createfood:toffee_apple_slice,createfood,4,4.00,food,true
createfood:toffee_berries,createfood,6,10.80,food,true
createfood:toffee_chip_chocolate_cookie,createfood,3,3.60,food,true
createfood:toffee_chip_chocolate_milkshake_bottle,createfood,6,15.60,food,true
createfood:toffee_chip_cookie,createfood,2,2.80,food,true
createfood:toffee_chip_ice_cream_cone,createfood,2,4.80,food,true
createfood:toffee_chip_milkshake_bottle,createfood,5,12.00,food,true
createfood:toffee_chip_mini_waffle,createfood,3,10.20,food,true
createfood:toffee_chip_muffin,createfood,3,5.40,food,true
createfood:toffee_chocolate,createfood,7,11.20,food,true
createfood:toffee_chocolate_pastry,createfood,3,6.60,food,true
createfood:toffee_chocolate_sweet_roll,createfood,7,11.20,food,true
createfood:toffee_dark_chocolate,createfood,8,11.20,food,true
createfood:toffee_fudge,createfood,4,4.00,food,true
createfood:toffee_fudge_ice_cream_bowl,createfood,8,12.80,food,true
createfood:toffee_marshmallow_stick,createfood,3,5.40,food,true
createfood:toffee_pastry,createfood,2,4.40,food,true
createfood:toffee_pretzel_stick,createfood,3,4.80,food,true
createfood:toffee_sweet_roll,createfood,6,8.40,food,true
createfood:toffee_toast,createfood,3,5.40,food,true
createfood:toffee_white_chocolate,createfood,6,10.80,food,true
createfood:tomato_cream_soup_bowl,createfood,7,11.20,food,true
createfood:tomato_cream_soup_bowl_cheese,createfood,9,10.80,food,true
createfood:tortilla_chip_bowl,createfood,4,5.60,food,false
createfood:tropical_fish_slice,createfood,1,2.00,food,true
createfood:ube_cream_frosting_bottle,createfood,5,7.00,food,false
createfood:ube_cream_ube_cake_slice,createfood,3,1.80,food,false
createfood:ube_cream_ube_cupcake,createfood,3,6.00,food,false
createfood:ube_cupcake_base,createfood,2,3.60,food,false
createfood:vegetable_sandwich_beetroot_lettuce,createfood,9,9.00,food,true
createfood:vegetable_sandwich_lettuce_tomato,createfood,9,12.60,food,true
createfood:vegetable_wrap_onion_lettuce_tomato,createfood,8,11.20,food,true
createfood:waffle_cone,createfood,2,4.00,food,true
createfood:white_chocolate_apple,createfood,7,12.60,food,true
createfood:white_chocolate_apple_slice,createfood,4,4.80,food,true
createfood:white_chocolate_berries,createfood,6,9.60,food,true
createfood:white_chocolate_bottle,createfood,6,6.00,food,true
createfood:white_chocolate_chip_chocolate_cookie,createfood,3,3.00,food,true
createfood:white_chocolate_chip_chocolate_milkshake_bottle,createfood,6,14.40,food,true
createfood:white_chocolate_chip_cookie,createfood,2,2.40,food,true
createfood:white_chocolate_chip_ice_cream_cone,createfood,2,4.80,food,true
createfood:white_chocolate_chip_milkshake_bottle,createfood,5,14.00,food,true
createfood:white_chocolate_chip_mini_waffle,createfood,3,10.20,food,true
createfood:white_chocolate_chip_muffin,createfood,4,7.20,food,true
createfood:white_chocolate_chocolate_pastry,createfood,2,4.80,food,true
createfood:white_chocolate_dried_coffee_beans,createfood,2,2.80,food,false
createfood:white_chocolate_fudge,createfood,2,2.80,food,true
createfood:white_chocolate_marshmallow_stick,createfood,3,2.40,food,true
createfood:white_chocolate_pastry,createfood,1,2.40,food,true
createfood:white_chocolate_pretzel_stick,createfood,3,4.20,food,true
createfood:white_chocolate_toast,createfood,3,4.20,food,true
createfood:yellow_gelatin_dessert_slice,createfood,5,3.00,food,true
createfood:yogurt_bottle,createfood,2,3.60,food,true
createfood:yogurt_bowl,createfood,4,4.80,food,true
createfood:yogurt_bowl_berry,createfood,5,8.00,food,true
createfood:yogurt_bowl_chorus_fruit,createfood,6,8.40,food,true
createfood:yogurt_bowl_glow_berry,createfood,5,7.00,food,true
createfood:yogurt_bowl_honey,createfood,4,6.40,food,true
createnuclear:yellowcake,createnuclear,20,12.00,food,true
culturaldelights:acid,culturaldelights,0,0.00,food,true
culturaldelights:apple_cider,culturaldelights,0,0.00,food,true
culturaldelights:avocado,culturaldelights,4,4.80,food,true
culturaldelights:avocado_toast,culturaldelights,4,4.00,food,true
culturaldelights:bean_pod,culturaldelights,4,4.80,food,false
culturaldelights:beans,culturaldelights,1,0.40,food,true
culturaldelights:beef_burrito,culturaldelights,14,25.20,food,true
culturaldelights:beer,culturaldelights,0,0.00,food,true
culturaldelights:bloody_mary,culturaldelights,0,0.00,food,true
culturaldelights:brandy,culturaldelights,0,0.00,food,true
culturaldelights:butter,culturaldelights,1,0.20,food,true
culturaldelights:butterbeer,culturaldelights,0,0.00,food,true
culturaldelights:buttered_toast,culturaldelights,4,4.00,food,true
culturaldelights:butterscotch_cinnamon_pie_slice,culturaldelights,3,1.80,food,true
culturaldelights:calamari_roll,culturaldelights,7,8.40,food,true
culturaldelights:cheese_cracker,culturaldelights,1,0.20,food,true
culturaldelights:cheese_wedge,culturaldelights,2,1.20,food,true
culturaldelights:cheesy_chip_wrap,culturaldelights,8,9.60,food,true
culturaldelights:chicken_roll,culturaldelights,16,25.60,food,true
culturaldelights:chicken_roll_slice,culturaldelights,8,9.60,food,true
culturaldelights:chicken_taco,culturaldelights,10,18.00,food,true
culturaldelights:chips_with_cheese,culturaldelights,6,7.20,food,true
culturaldelights:cinnamon_cracker,culturaldelights,1,0.20,food,true
culturaldelights:cinnamon_mint_curry,culturaldelights,14,22.40,food,true
culturaldelights:cola,culturaldelights,0,0.00,food,true
culturaldelights:cooked_calamari,culturaldelights,3,3.00,food,true
culturaldelights:cooked_sausage,culturaldelights,4,3.20,food,true
culturaldelights:cooked_squid,culturaldelights,6,9.60,food,true
culturaldelights:corn_cob,culturaldelights,2,1.60,food,true
culturaldelights:corn_dog,culturaldelights,7,7.00,food,true
culturaldelights:corn_dough,culturaldelights,1,0.20,food,true
culturaldelights:creamed_corn,culturaldelights,6,9.60,food,true
culturaldelights:cucumber,culturaldelights,2,2.00,food,true
culturaldelights:cut_avocado,culturaldelights,2,1.20,food,true
culturaldelights:cut_cucumber,culturaldelights,1,0.60,food,true
culturaldelights:cut_eggplant,culturaldelights,1,0.20,food,true
culturaldelights:cut_pickle,culturaldelights,2,2.00,food,true
culturaldelights:egg_roll,culturaldelights,5,5.00,food,true
culturaldelights:eggplant,culturaldelights,3,1.20,food,true
culturaldelights:eggplant_burger,culturaldelights,12,16.80,food,true
culturaldelights:eggplant_parmesan,culturaldelights,12,21.60,food,true
culturaldelights:elote,culturaldelights,7,9.80,food,true
culturaldelights:empanada,culturaldelights,6,7.20,food,true
culturaldelights:fish_taco,culturaldelights,10,16.00,food,true
culturaldelights:gin,culturaldelights,0,0.00,food,true
culturaldelights:glow_squid,culturaldelights,2,0.80,food,false
culturaldelights:glow_wine,culturaldelights,0,0.00,food,true
culturaldelights:hearty_salad,culturaldelights,7,9.80,food,true
culturaldelights:hot_dog,culturaldelights,10,12.00,food,true
culturaldelights:lemon_liqueur,culturaldelights,0,0.00,food,true
culturaldelights:margarita,culturaldelights,0,0.00,food,true
culturaldelights:mead,culturaldelights,0,0.00,food,true
culturaldelights:midori_roll,culturaldelights,14,19.60,food,true
culturaldelights:midori_roll_slice,culturaldelights,7,5.60,food,true
culturaldelights:mojito,culturaldelights,0,0.00,food,true
culturaldelights:mutton_sandwich,culturaldelights,10,16.00,food,true
culturaldelights:pickle,culturaldelights,4,5.60,food,true
culturaldelights:pickled_egg,culturaldelights,3,3.00,food,true
culturaldelights:poached_eggplants,culturaldelights,8,16.00,food,true
culturaldelights:popcorn,culturaldelights,1,0.40,food,true
culturaldelights:popcorn_bucket,culturaldelights,6,9.60,food,true
culturaldelights:pork_wrap,culturaldelights,10,16.00,food,true
culturaldelights:pufferfish_roll,culturaldelights,7,8.40,food,true
culturaldelights:raw_calamari,culturaldelights,1,0.40,food,true
culturaldelights:raw_sausage,culturaldelights,1,0.20,food,true
culturaldelights:refried_beans,culturaldelights,4,3.20,food,true
culturaldelights:rice_ball,culturaldelights,3,3.00,food,true
culturaldelights:rum,culturaldelights,0,0.00,food,true
culturaldelights:sausages_and_mash,culturaldelights,12,21.60,food,true
culturaldelights:smoked_cut_eggplant,culturaldelights,4,3.20,food,true
culturaldelights:smoked_eggplant,culturaldelights,8,9.60,food,true
culturaldelights:smoked_tomato,culturaldelights,4,4.80,food,true
culturaldelights:smoked_white_eggplant,culturaldelights,3,3.00,food,true
culturaldelights:snag,culturaldelights,8,8.00,food,true
culturaldelights:spicy_curry,culturaldelights,12,31.20,food,true
culturaldelights:squid,culturaldelights,2,0.80,food,false
culturaldelights:tequila,culturaldelights,0,0.00,food,true
culturaldelights:tofu,culturaldelights,8,9.60,food,true
culturaldelights:tortilla,culturaldelights,4,4.80,food,true
culturaldelights:tortilla_chips,culturaldelights,2,1.20,food,true
culturaldelights:tropical_roll,culturaldelights,7,8.40,food,true
culturaldelights:vinegar,culturaldelights,0,0.00,food,true
culturaldelights:vodka,culturaldelights,0,0.00,food,true
culturaldelights:whiskey,culturaldelights,0,0.00,food,true
culturaldelights:white_eggplant,culturaldelights,1,0.20,food,true
culturaldelights:wine,culturaldelights,0,0.00,food,true
deep_aether:antidote,deep_aether,1,0.00,food,true
deep_aether:blue_squash_slice,deep_aether,2,0.40,food,true
deep_aether:cooked_aerglow_fish,deep_aether,5,6.00,food,true
deep_aether:cooked_quail,deep_aether,6,7.20,food,true
deep_aether:enchanted_antidote,deep_aether,1,0.00,food,true
deep_aether:goldenleaf_berries,deep_aether,3,0.60,food,false
deep_aether:green_squash_slice,deep_aether,2,0.40,food,true
deep_aether:purple_squash_slice,deep_aether,2,0.40,food,true
deep_aether:raw_aerglow_fish,deep_aether,2,0.40,food,false
deep_aether:raw_quail,deep_aether,2,1.20,food,false
deeperdarker:angler_fish,deeperdarker,2,0.40,food,false
deeperdarker:bloom_berries,deeperdarker,2,0.40,food,false
deeperdarker:cooked_angler_fish,deeperdarker,6,9.60,food,true
dndesires:chocolate_milkshake,dndesires,12,28.80,food,true
dndesires:glowberry_milkshake,dndesires,12,28.80,food,true
dndesires:pumpkin_milkshake,dndesires,12,28.80,food,true
dndesires:strawberry_milkshake,dndesires,12,28.80,food,true
dndesires:vanilla_milkshake,dndesires,12,28.80,food,true
dustydecorations:bratwurst_dog,dustydecorations,5,6.00,food,true
dustydecorations:cooked_bratwurst,dustydecorations,4,3.60,food,true
dustydecorations:raw_bratwurst,dustydecorations,2,1.20,food,true
ecologics:coconut_slice,ecologics,2,0.40,food,false
ecologics:cooked_prickly_pear,ecologics,4,2.40,food,true
ecologics:crab_meat,ecologics,5,6.00,food,true
ecologics:prickly_pear,ecologics,4,2.40,food,false
ecologics:tropical_stew,ecologics,10,12.00,food,true
ecologics:walnut,ecologics,1,0.00,food,false
endersdelight:amberveil_stew,endersdelight,4,4.00,food,true
endersdelight:amberveiled_curry,endersdelight,5,5.00,food,true
endersdelight:chicken_curry,endersdelight,7,12.60,food,true
endersdelight:chorus_juice,endersdelight,2,0.80,food,true
endersdelight:chorus_pie_slice,endersdelight,3,1.80,food,true
endersdelight:chorus_stew,endersdelight,4,4.00,food,true
endersdelight:crawling_sandwich,endersdelight,3,1.20,food,true
endersdelight:crispy_skewer,endersdelight,2,0.80,food,true
endersdelight:ender_paella,endersdelight,4,3.20,food,true
endersdelight:endermite_stew,endersdelight,4,3.20,food,true
endersdelight:mite_crust,endersdelight,1,0.20,food,false
endersdelight:pearl_pasta,endersdelight,4,3.20,food,true
endersdelight:shulker_filet,endersdelight,1,0.20,food,true
endersdelight:shulker_mollusk,endersdelight,1,0.20,food,false
endersdelight:steak_fries,endersdelight,6,8.40,food,true
endersdelight:strange_eclair,endersdelight,5,6.00,food,true
endersdelight:stuffed_shulker_bowl,endersdelight,7,12.60,food,false
endersdelight:twisted_cereal,endersdelight,4,4.00,food,true
endersdelight:uncanny_cookies,endersdelight,5,6.00,food,true
endersdelight:veil_of_flames_risotto,endersdelight,7,12.60,food,true
ends_delight:assorted_salad,ends_delight,14,14.00,food,true
ends_delight:bubble_tea,ends_delight,8,8.00,food,true
ends_delight:chorus_cookie,ends_delight,2,2.40,food,true
ends_delight:chorus_flower_pie,ends_delight,4,4.80,food,true
ends_delight:chorus_flower_tea,ends_delight,0,0.00,food,true
ends_delight:chorus_fruit_grain,ends_delight,1,1.20,food,true
ends_delight:chorus_fruit_milk_tea,ends_delight,6,6.00,food,true
ends_delight:chorus_fruit_pie_slice,ends_delight,3,1.80,food,true
ends_delight:chorus_fruit_popsicle,ends_delight,3,1.20,food,true
ends_delight:chorus_fruit_wine,ends_delight,0,0.00,food,true
ends_delight:chorus_sauce,ends_delight,3,3.00,food,true
ends_delight:chorus_succulent,ends_delight,2,3.20,food,false
ends_delight:dragon_breath_and_chorus_soup,ends_delight,16,19.20,food,true
ends_delight:dragon_breath_soda,ends_delight,0,0.00,food,true
ends_delight:dragon_leg,ends_delight,8,9.60,food,false
ends_delight:dragon_leg_with_sauce,ends_delight,10,14.00,food,false
ends_delight:dragon_meat_stew,ends_delight,10,12.00,food,false
ends_delight:dried_endermite_meat,ends_delight,5,6.00,food,true
ends_delight:end_barbecue_stick,ends_delight,10,14.00,food,true
ends_delight:end_mixed_salad,ends_delight,10,12.00,food,true
ends_delight:ender_bamboo_rice,ends_delight,15,18.00,food,true
ends_delight:ender_congee,ends_delight,10,12.00,food,true
ends_delight:ender_noodle,ends_delight,8,9.60,food,true
ends_delight:ender_sausage,ends_delight,9,10.80,food,true
ends_delight:enderman_gristle,ends_delight,2,3.20,food,false
ends_delight:enderman_gristle_stew,ends_delight,7,9.80,food,true
ends_delight:fried_dragon_egg,ends_delight,20,20.00,food,true
ends_delight:grilled_shulker,ends_delight,8,9.60,food,false
ends_delight:liquid_dragon_egg,ends_delight,14,14.00,food,true
ends_delight:raw_dragon_meat,ends_delight,8,9.60,food,true
ends_delight:raw_dragon_meat_cuts,ends_delight,3,3.60,food,true
ends_delight:raw_ender_mite_meat,ends_delight,3,3.60,food,false
ends_delight:raw_ender_sausage,ends_delight,6,7.20,food,true
ends_delight:roasted_dragon_meat,ends_delight,15,18.00,food,true
ends_delight:roasted_dragon_meat_cuts,ends_delight,6,7.20,food,true
ends_delight:roasted_dragon_steak,ends_delight,18,18.00,food,true
ends_delight:roasted_shulker_meat,ends_delight,6,6.00,food,true
ends_delight:roasted_shulker_meat_slice,ends_delight,3,4.80,food,true
ends_delight:shulker_meat,ends_delight,4,4.00,food,false
ends_delight:shulker_meat_slice,ends_delight,2,2.40,food,true
ends_delight:shulker_omelette,ends_delight,11,13.20,food,true
ends_delight:shulker_omelette_mixture,ends_delight,5,5.00,food,true
ends_delight:shulker_soup,ends_delight,8,9.60,food,true
ends_delight:smoked_dragon_leg,ends_delight,15,18.00,food,true
ends_delight:steamed_dragon_egg,ends_delight,12,14.40,food,false
ends_delight:stir_fried_shulker_meat,ends_delight,10,16.00,food,true
ends_delight:stuffed_rice_cake,ends_delight,6,8.40,food,true
farmersdelight:apple_cider,farmersdelight,0,0.00,food,true
farmersdelight:apple_pie_slice,farmersdelight,3,1.80,food,true
farmersdelight:bacon,farmersdelight,2,1.20,food,true
farmersdelight:bacon_and_eggs,farmersdelight,10,12.00,food,true
farmersdelight:bacon_sandwich,farmersdelight,10,16.00,food,true
farmersdelight:baked_cod_stew,farmersdelight,14,21.00,food,true
farmersdelight:barbecue_stick,farmersdelight,8,14.40,food,true
farmersdelight:beef_patty,farmersdelight,4,6.40,food,true
farmersdelight:beef_stew,farmersdelight,12,19.20,food,true
farmersdelight:bone_broth,farmersdelight,8,11.20,food,true
farmersdelight:cabbage,farmersdelight,2,1.60,food,true
farmersdelight:cabbage_leaf,farmersdelight,1,0.80,food,true
farmersdelight:cabbage_rolls,farmersdelight,5,5.00,food,true
farmersdelight:cake_slice,farmersdelight,2,0.40,food,true
farmersdelight:chicken_cuts,farmersdelight,1,0.60,food,true
farmersdelight:chicken_sandwich,farmersdelight,10,16.00,food,true
farmersdelight:chicken_soup,farmersdelight,12,19.20,food,true
farmersdelight:chocolate_pie_slice,farmersdelight,3,1.80,food,true
farmersdelight:cod_roll,farmersdelight,7,8.40,food,true
farmersdelight:cod_slice,farmersdelight,1,0.20,food,true
farmersdelight:cooked_bacon,farmersdelight,4,6.40,food,true
farmersdelight:cooked_chicken_cuts,farmersdelight,3,3.60,food,true
farmersdelight:cooked_cod_slice,farmersdelight,3,3.00,food,true
farmersdelight:cooked_mutton_chops,farmersdelight,3,4.80,food,true
farmersdelight:cooked_rice,farmersdelight,6,4.80,food,true
farmersdelight:cooked_salmon_slice,farmersdelight,3,4.80,food,true
farmersdelight:dog_food,farmersdelight,4,1.60,food,true
farmersdelight:dumplings,farmersdelight,8,12.80,food,true
farmersdelight:egg_sandwich,farmersdelight,8,12.80,food,true
farmersdelight:fish_stew,farmersdelight,12,19.20,food,true
farmersdelight:fried_egg,farmersdelight,4,3.20,food,true
farmersdelight:fried_rice,farmersdelight,12,19.20,food,true
farmersdelight:fruit_salad,farmersdelight,6,7.20,food,true
farmersdelight:gleaming_salad,farmersdelight,14,21.00,food,false
farmersdelight:glow_berry_custard,farmersdelight,7,8.40,food,true
farmersdelight:grilled_salmon,farmersdelight,14,21.00,food,true
farmersdelight:ham,farmersdelight,5,3.00,food,false
farmersdelight:hamburger,farmersdelight,11,17.60,food,true
farmersdelight:honey_cookie,farmersdelight,2,0.40,food,true
farmersdelight:honey_glazed_ham,farmersdelight,14,21.00,food,false
farmersdelight:kelp_roll,farmersdelight,12,12.00,food,true
farmersdelight:kelp_roll_slice,farmersdelight,6,6.00,food,true
farmersdelight:melon_popsicle,farmersdelight,3,1.20,food,true
farmersdelight:minced_beef,farmersdelight,2,1.20,food,true
farmersdelight:mixed_salad,farmersdelight,6,7.20,food,true
farmersdelight:mushroom_rice,farmersdelight,12,19.20,food,true
farmersdelight:mutton_chops,farmersdelight,1,0.60,food,true
farmersdelight:mutton_wrap,farmersdelight,10,16.00,food,true
farmersdelight:nether_salad,farmersdelight,5,4.00,food,true
farmersdelight:noodle_soup,farmersdelight,14,21.00,food,true
farmersdelight:onion,farmersdelight,2,1.60,food,true
farmersdelight:onion_soup,farmersdelight,12,19.20,food,true
farmersdelight:pasta_with_meatballs,farmersdelight,12,19.20,food,true
farmersdelight:pasta_with_mutton_chop,farmersdelight,12,19.20,food,true
farmersdelight:pie_crust,farmersdelight,2,0.80,food,true
farmersdelight:pumpkin_pie_slice,farmersdelight,3,1.80,food,true
farmersdelight:pumpkin_slice,farmersdelight,3,1.80,food,true
farmersdelight:pumpkin_soup,farmersdelight,14,21.00,food,true
farmersdelight:ratatouille,farmersdelight,10,12.00,food,true
farmersdelight:raw_pasta,farmersdelight,2,1.20,food,true
farmersdelight:roast_chicken,farmersdelight,14,21.00,food,true
farmersdelight:roasted_mutton_chops,farmersdelight,14,21.00,food,true
farmersdelight:salmon_roll,farmersdelight,7,8.40,food,true
farmersdelight:salmon_slice,farmersdelight,1,0.20,food,true
farmersdelight:shepherds_pie,farmersdelight,14,21.00,food,true
farmersdelight:smoked_ham,farmersdelight,10,16.00,food,true
farmersdelight:squid_ink_pasta,farmersdelight,14,21.00,food,true
farmersdelight:steak_and_potatoes,farmersdelight,12,19.20,food,true
farmersdelight:stuffed_potato,farmersdelight,10,14.00,food,true
farmersdelight:stuffed_pumpkin,farmersdelight,14,21.00,food,false
farmersdelight:sweet_berry_cheesecake_slice,farmersdelight,3,1.80,food,true
farmersdelight:sweet_berry_cookie,farmersdelight,2,0.40,food,true
farmersdelight:tomato,farmersdelight,1,0.60,food,true
farmersdelight:tomato_sauce,farmersdelight,4,3.20,food,true
farmersdelight:vegetable_noodles,farmersdelight,14,21.00,food,true
farmersdelight:vegetable_soup,farmersdelight,12,19.20,food,true
farmersdelight:wheat_dough,farmersdelight,2,1.20,food,true
mcwholidays:candy_cane,mcwholidays,2,0.80,food,true
minecraft:apple,minecraft,4,2.40,food,true
minecraft:baked_potato,minecraft,5,6.00,food,true
minecraft:beef,minecraft,3,1.80,food,false
minecraft:beetroot,minecraft,1,1.20,food,true
minecraft:beetroot_soup,minecraft,6,7.20,food,true
minecraft:bread,minecraft,5,6.00,food,true
minecraft:cake,minecraft,,,extra,true
minecraft:carrot,minecraft,3,3.60,food,true
minecraft:chicken,minecraft,2,1.20,food,false
minecraft:chorus_fruit,minecraft,4,2.40,food,true
minecraft:cod,minecraft,2,0.40,food,true
minecraft:cooked_beef,minecraft,8,12.80,food,true
minecraft:cooked_chicken,minecraft,6,7.20,food,true
minecraft:cooked_cod,minecraft,5,6.00,food,true
minecraft:cooked_mutton,minecraft,6,9.60,food,true
minecraft:cooked_porkchop,minecraft,8,12.80,food,true
minecraft:cooked_rabbit,minecraft,5,6.00,food,true
minecraft:cooked_salmon,minecraft,6,9.60,food,true
minecraft:cookie,minecraft,2,0.40,food,true
minecraft:dried_kelp,minecraft,1,0.60,food,true
minecraft:enchanted_golden_apple,minecraft,4,9.60,food,true
minecraft:glow_berries,minecraft,2,0.40,food,true
minecraft:golden_apple,minecraft,4,9.60,food,true
minecraft:golden_carrot,minecraft,6,14.40,food,true
minecraft:honey_bottle,minecraft,6,1.20,food,true
minecraft:melon_slice,minecraft,2,1.20,food,true
minecraft:mushroom_stew,minecraft,6,7.20,food,true
minecraft:mutton,minecraft,2,1.20,food,true
minecraft:poisonous_potato,minecraft,2,1.20,food,true
minecraft:porkchop,minecraft,3,1.80,food,true
minecraft:potato,minecraft,1,0.60,food,true
minecraft:pufferfish,minecraft,1,0.20,food,true
minecraft:pumpkin_pie,minecraft,8,4.80,food,true
minecraft:rabbit,minecraft,3,1.80,food,false
minecraft:rabbit_stew,minecraft,14,21.00,food,true
minecraft:rotten_flesh,minecraft,4,0.80,food,true
minecraft:salmon,minecraft,2,0.40,food,true
minecraft:spider_eye,minecraft,2,3.20,food,false
minecraft:suspicious_stew,minecraft,6,7.20,food,false
minecraft:sweet_berries,minecraft,2,0.40,food,true
minecraft:tropical_fish,minecraft,1,0.20,food,true
mowziesmobs:glowing_jelly,mowziesmobs,1,0.20,food,false
mynethersdelight:bacon-wrapped_sausage_on_a_stick,mynethersdelight,10,12.00,food,true
mynethersdelight:bleeding_tartar,mynethersdelight,6,9.00,food,true
mynethersdelight:blue_tenderloin_steak,mynethersdelight,9,14.40,food,true
mynethersdelight:boiled_egg,mynethersdelight,4,5.60,food,true
mynethersdelight:breakfast_sampler,mynethersdelight,15,22.50,food,true
mynethersdelight:bullet_pepper,mynethersdelight,2,2.00,food,true
mynethersdelight:burnt_roll,mynethersdelight,10,12.00,food,true
mynethersdelight:chilidog,mynethersdelight,11,11.00,food,true
mynethersdelight:cooked_loin,mynethersdelight,7,10.50,food,true
mynethersdelight:crimson_stroganoff,mynethersdelight,11,16.50,food,true
mynethersdelight:deviled_egg,mynethersdelight,5,7.00,food,true
mynethersdelight:dried_ghast_with_milk,mynethersdelight,6,5.40,food,true
mynethersdelight:egg_soup,mynethersdelight,10,14.00,food,true
mynethersdelight:fried_hoglin_chop,mynethersdelight,12,21.60,food,true
mynethersdelight:fries_ghasta,mynethersdelight,8,9.60,food,true
mynethersdelight:ghast_dough,mynethersdelight,3,6.00,food,true
mynethersdelight:ghast_salad,mynethersdelight,8,13.60,food,true
mynethersdelight:ghast_sourdough,mynethersdelight,3,6.00,food,true
mynethersdelight:ghasta,mynethersdelight,3,6.00,food,false
mynethersdelight:giant_takoyaki,mynethersdelight,12,18.00,food,true
mynethersdelight:golden_egg,mynethersdelight,4,8.00,food,true
mynethersdelight:hoglin_loin,mynethersdelight,4,2.80,food,false
mynethersdelight:hoglin_sausage,mynethersdelight,2,1.00,food,true
mynethersdelight:hot_cream,mynethersdelight,1,16.00,food,true
mynethersdelight:hot_cream_cone,mynethersdelight,4,8.00,food,true
mynethersdelight:hot_wings,mynethersdelight,6,5.40,food,true
mynethersdelight:hot_wings_bucket,mynethersdelight,18,16.20,food,true
mynethersdelight:hotdog,mynethersdelight,8,7.20,food,true
mynethersdelight:hotdog_with_mixed_salad,mynethersdelight,10,10.00,food,true
mynethersdelight:hotdog_with_nether_salad,mynethersdelight,10,10.00,food,true
mynethersdelight:magma_cake_slice,mynethersdelight,2,4.00,food,true
mynethersdelight:minced_strider,mynethersdelight,2,3.00,food,true
mynethersdelight:nether_burger,mynethersdelight,12,18.00,food,true
mynethersdelight:plate_of_cold_striderloaf,mynethersdelight,9,4.50,food,false
mynethersdelight:plate_of_ghasta_with_cream,mynethersdelight,8,14.40,food,false
mynethersdelight:plate_of_striderloaf,mynethersdelight,5,12.50,food,false
mynethersdelight:plate_of_stuffed_hoglin,mynethersdelight,8,9.60,food,false
mynethersdelight:plate_of_stuffed_hoglin_ham,mynethersdelight,12,18.00,food,false
mynethersdelight:plate_of_stuffed_hoglin_snout,mynethersdelight,14,25.20,food,false
mynethersdelight:red_loin_on_a_stick,mynethersdelight,10,14.00,food,true
mynethersdelight:roast_ear,mynethersdelight,2,2.00,food,false
mynethersdelight:roasted_sausage,mynethersdelight,4,2.80,food,true
mynethersdelight:rock_soup,mynethersdelight,7,10.50,food,true
mynethersdelight:sausage_and_potatoes,mynethersdelight,11,12.10,food,true
mynethersdelight:scotch_eggs,mynethersdelight,12,19.20,food,true
mynethersdelight:sizzling_pudding,mynethersdelight,9,11.70,food,true
mynethersdelight:slices_of_bread,mynethersdelight,5,6.00,food,true
mynethersdelight:spicy_cotton,mynethersdelight,3,13.50,food,true
mynethersdelight:spicy_curry,mynethersdelight,15,19.50,food,true
mynethersdelight:spicy_hoglin_stew,mynethersdelight,12,19.20,food,true
mynethersdelight:spicy_noodle_soup,mynethersdelight,16,20.80,food,true
mynethersdelight:spicy_skewer,mynethersdelight,7,12.60,food,true
mynethersdelight:strider_egg,mynethersdelight,3,1.80,food,true
mynethersdelight:strider_slice,mynethersdelight,4,5.60,food,false
mynethersdelight:strider_stew,mynethersdelight,8,9.60,food,true
mynethersdelight:strider_with_grilled_fungus,mynethersdelight,10,18.00,food,true
mynethersdelight:stuffed_pepper,mynethersdelight,8,12.80,food,true
mynethersdelight:tear_popsicle,mynethersdelight,3,1.20,food,true
mynethersdelight:toasts,mynethersdelight,7,8.40,food,true
mynethersdelight:twisted_ghasta,mynethersdelight,10,13.00,food,true
occultism:beaver_nugget,occultism,8,12.80,food,false
occultism:cursed_honey,occultism,2,4.00,food,true
occultism:datura,occultism,0,0.00,food,false
occultism:demonic_meat,occultism,11,2.20,food,false
occultism:demons_dream_essence,occultism,0,0.00,food,true
occultism:otherworld_essence,occultism,0,0.00,food,true
occultism:sweet_honey_heart,occultism,5,11.00,food,false
oceansdelight:baked_tentacle_on_a_stick,oceansdelight,6,7.20,food,true
oceansdelight:bowl_of_guardian_soup,oceansdelight,15,24.00,food,false
oceansdelight:braised_sea_pickle,oceansdelight,8,8.00,food,true
oceansdelight:cabbage_wrapped_elder_guardian,oceansdelight,15,30.00,food,true
oceansdelight:cooked_elder_guardian_slice,oceansdelight,3,1.80,food,true
oceansdelight:cooked_guardian_tail,oceansdelight,6,4.80,food,true
oceansdelight:cooked_stuffed_cod,oceansdelight,6,9.60,food,true
oceansdelight:cooked_stuffed_squid,oceansdelight,6,7.20,food,true
oceansdelight:cut_tentacles,oceansdelight,1,0.20,food,true
oceansdelight:elder_guardian_roll,oceansdelight,7,8.40,food,true
oceansdelight:elder_guardian_slab,oceansdelight,9,7.20,food,false
oceansdelight:elder_guardian_slice,oceansdelight,1,0.20,food,true
oceansdelight:fugu_roll,oceansdelight,7,8.40,food,true
oceansdelight:fugu_slice,oceansdelight,1,0.20,food,true
oceansdelight:guardian_tail,oceansdelight,2,0.80,food,true
oceansdelight:honey_fried_kelp,oceansdelight,4,0.80,food,true
oceansdelight:kelp_encrusted_cod,oceansdelight,3,1.20,food,true
oceansdelight:seagrass_salad,oceansdelight,2,1.60,food,true
oceansdelight:squid_rings,oceansdelight,5,5.00,food,true
oceansdelight:stuffed_cod,oceansdelight,3,1.20,food,true
oceansdelight:stuffed_squid,oceansdelight,3,1.80,food,true
oceansdelight:tentacle_on_a_stick,oceansdelight,3,1.80,food,true
oceansdelight:tentacles,oceansdelight,3,1.80,food,false
refurbished_furniture:bread_slice,refurbished_furniture,1,0.40,food,true
refurbished_furniture:cheese,refurbished_furniture,2,2.40,food,true
refurbished_furniture:cheese_sandwich,refurbished_furniture,6,6.00,food,true
refurbished_furniture:cheese_toastie,refurbished_furniture,6,8.40,food,true
refurbished_furniture:glow_berry_jam_toast,refurbished_furniture,6,7.20,food,true
refurbished_furniture:meatlovers_pizza_slice,refurbished_furniture,8,12.80,food,true
refurbished_furniture:sweet_berry_jam_toast,refurbished_furniture,6,7.20,food,true
refurbished_furniture:toast,refurbished_furniture,1,0.60,food,true
refurbished_furniture:vegetable_pizza_slice,refurbished_furniture,5,8.00,food,true
solonion:golden_lunchbox,solonion,0,0.00,food,true
solonion:lunchbag,solonion,0,0.00,food,true
solonion:lunchbox,solonion,0,0.00,food,true
supplementaries:candy,supplementaries,1,0.40,food,true
supplementaries:lumisene_bottle,supplementaries,0,0.00,food,true
supplementaries:soap,supplementaries,0,0.00,food,true
trailandtales_delight:ancient_coffee,trailandtales_delight,0,0.00,food,true
trailandtales_delight:baked_pitcher_pod,trailandtales_delight,1,1.00,food,true
trailandtales_delight:baked_torchflower_seeds,trailandtales_delight,1,1.00,food,true
trailandtales_delight:cheese_slice,trailandtales_delight,5,5.00,food,true
trailandtales_delight:cherry_cake_slice,trailandtales_delight,4,8.00,food,true
trailandtales_delight:cherry_cheese_pie_slice,trailandtales_delight,3,3.00,food,true
trailandtales_delight:cherry_cheese_slice,trailandtales_delight,6,6.00,food,true
trailandtales_delight:cherry_petal_tea,trailandtales_delight,0,0.00,food,true
trailandtales_delight:cooked_pitcher_taro,trailandtales_delight,7,14.00,food,true
trailandtales_delight:fried_sniffer_egg,trailandtales_delight,6,7.20,food,true
trailandtales_delight:golden_lantern_fruit,trailandtales_delight,4,12.00,food,true
trailandtales_delight:lantern_fruit,trailandtales_delight,2,2.00,food,true
trailandtales_delight:pitcher_plant_tea,trailandtales_delight,0,0.00,food,true
trailandtales_delight:pitcher_taro,trailandtales_delight,3,4.50,food,true
trailandtales_delight:stuffed_sniffer_egg,trailandtales_delight,16,32.00,food,false
trailandtales_delight:torchflower_tea,trailandtales_delight,0,0.00,food,true
twilight_additions:torchberry_stew,twilight_additions,4,12.80,food,true
twilightdelight:aurora_pie_slice,twilightdelight,3,1.80,food,true
twilightdelight:berry_stick,twilightdelight,6,3.60,food,true
twilightdelight:borer_tear_soup,twilightdelight,6,7.20,food,true
twilightdelight:chocolate_113,twilightdelight,6,14.40,food,true
twilightdelight:chocolate_wafer,twilightdelight,9,10.80,food,true
twilightdelight:cooked_insect,twilightdelight,6,7.20,food,true
twilightdelight:cooked_meef_slice,twilightdelight,3,4.80,food,true
twilightdelight:cooked_tomahawk_smeak,twilightdelight,12,19.20,food,true
twilightdelight:cooked_venison_rib,twilightdelight,4,6.40,food,true
twilightdelight:experiment_110,twilightdelight,12,7.20,food,true
twilightdelight:experiment_113,twilightdelight,6,14.40,food,true
twilightdelight:fried_insect,twilightdelight,10,16.00,food,true
twilightdelight:ghast_brain_salad,twilightdelight,6,7.20,food,true
twilightdelight:ghast_burger,twilightdelight,11,17.60,food,true
twilightdelight:glacier_ice_tea,twilightdelight,4,2.00,food,true
twilightdelight:glow_113,twilightdelight,6,14.40,food,true
twilightdelight:glow_venison_rib_with_pasta,twilightdelight,12,19.20,food,true
twilightdelight:glowstew,twilightdelight,7,9.80,food,true
twilightdelight:grilled_ghast,twilightdelight,10,16.00,food,true
twilightdelight:grilled_tomahawk_smeak,twilightdelight,14,22.40,food,true
twilightdelight:honey_113,twilightdelight,6,14.40,food,true
twilightdelight:hydra_burger,twilightdelight,18,28.80,food,true
twilightdelight:hydra_piece,twilightdelight,9,36.00,food,true
twilightdelight:liveroot_pork_fried_rice,twilightdelight,12,19.20,food,true
twilightdelight:liveroot_venison_noodle_soup,twilightdelight,10,16.00,food,true
twilightdelight:meef_wrap,twilightdelight,10,16.00,food,true
twilightdelight:milky_113,twilightdelight,6,14.40,food,true
twilightdelight:mushgloom_meef_pasta,twilightdelight,12,19.20,food,true
twilightdelight:mushgloom_sauce,twilightdelight,5,4.00,food,true
twilightdelight:naga_chip,twilightdelight,2,3.20,food,true
twilightdelight:phytochemical_juice,twilightdelight,4,2.00,food,true
twilightdelight:plate_of_fiery_snakes,twilightdelight,20,76.00,food,false
twilightdelight:plate_of_lily_chicken,twilightdelight,16,28.80,food,false
twilightdelight:plate_of_meef_wellington,twilightdelight,14,22.40,food,false
twilightdelight:raw_insect,twilightdelight,2,0.80,food,true
twilightdelight:raw_meef_slice,twilightdelight,1,1.40,food,true
twilightdelight:raw_tomahawk_smeak,twilightdelight,6,8.40,food,false
twilightdelight:raw_venison_rib,twilightdelight,2,2.80,food,true
twilightdelight:tear_drink,twilightdelight,1,0.00,food,true
twilightdelight:thorn_rose_tea,twilightdelight,4,2.00,food,true
twilightdelight:thousand_plant_stew,twilightdelight,10,12.00,food,true
twilightdelight:torchberry_cookie,twilightdelight,2,0.80,food,true
twilightdelight:torchberry_juice,twilightdelight,4,2.00,food,true
twilightdelight:torchberry_pie_slice,twilightdelight,3,1.80,food,true
twilightdelight:torchberry_venison_sandwich,twilightdelight,10,16.00,food,true
twilightdelight:twilight_spring,twilightdelight,0,0.00,food,true
twilightforest:beef_jerky,twilightforest,6,14.16,food,true
twilightforest:berry_medley,twilightforest,5,6.00,food,true
twilightforest:blackberry,twilightforest,1,0.80,food,false
twilightforest:blightberry,twilightforest,1,0.80,food,false
twilightforest:blueberry,twilightforest,1,0.80,food,false
twilightforest:chicken_jerky,twilightforest,4,8.60,food,true
twilightforest:cod_jerky,twilightforest,4,7.00,food,true
twilightforest:cooked_meef,twilightforest,7,8.40,food,true
twilightforest:cooked_venison,twilightforest,6,7.20,food,true
twilightforest:duskberry,twilightforest,1,0.80,food,false
twilightforest:experiment_115,twilightforest,4,2.40,food,true
twilightforest:fugu_jerky,twilightforest,2,2.40,food,true
twilightforest:gelatinous_maze_slime_drop,twilightforest,2,1.20,food,true
twilightforest:gelatinous_slime_drop,twilightforest,1,0.40,food,true
twilightforest:hydra_chop,twilightforest,18,72.00,food,true
twilightforest:maloberry,twilightforest,1,0.80,food,false
twilightforest:maze_wafer,twilightforest,4,4.80,food,true
twilightforest:meef_jerky,twilightforest,6,14.16,food,true
twilightforest:meef_stroganoff,twilightforest,8,9.60,food,true
twilightforest:monster_jerky,twilightforest,4,2.20,food,true
twilightforest:moss_soup,twilightforest,5,6.00,food,true
twilightforest:mutton_jerky,twilightforest,4,10.80,food,true
twilightforest:pork_jerky,twilightforest,6,14.16,food,true
twilightforest:rabbit_jerky,twilightforest,4,7.40,food,true
twilightforest:raspberry,twilightforest,1,0.80,food,false
twilightforest:raw_meef,twilightforest,2,0.80,food,true
twilightforest:raw_venison,twilightforest,2,1.20,food,false
twilightforest:salmon_jerky,twilightforest,4,10.80,food,true
twilightforest:shika_senbei,twilightforest,4,8.00,food,false
twilightforest:skyberry,twilightforest,1,0.80,food,false
twilightforest:stingberry,twilightforest,1,0.80,food,false
twilightforest:torchberries,twilightforest,0,0.00,food,true
twilightforest:tropical_fish_jerky,twilightforest,2,2.40,food,true
twilightforest:venison_jerky,twilightforest,6,14.16,food,true
